trial,candidate,reasoning_effort,decision,score,validation_score,reason,kept_fraction
1,2,low,REJECTED_REGRESSION,243.26309523809522,,"dev_split_sine_1 got much worse: 191.9 -> 666.3, allowed +300",
1,3,low,REJECTED_REGRESSION,361.06364285714284,,"'nominal' disturbances got worse on average: 251.8 -> 423.4, allowed +63",
1,1,low,PROMOTED,231.50292857142855,247.4612857142857,,
2,1,low,ROLLBACK,381.11635714285717,,,
2,2,low,ROLLBACK,295.1817857142857,,,
2,3,low,ROLLBACK,392.3185714285714,,,
3,1,low,ROLLBACK,361.95671428571427,,,
3,2,low,ROLLBACK,234.8942380952381,,,
3,3,low,ROLLBACK,288.5681428571429,,,
4,1,low,ROLLBACK,12946.22495238095,,,
4,2,low,ROLLBACK,546.1430476190476,,,
4,3,low,ROLLBACK,237.64661904761908,,,
