controller,battery,scenario,range,kind,pattern,production_iae_l,band_violation_s,upper_violation_s,safety_violation_s,setpoint_tv_m,saturation_s,recovery_s,exceptions,wrapper_interventions,score
fixed_recipe,dev,nominal_target_up_0,nominal,nominal,none,143.7766941638826,0.0,0.0,0.0,0.15299532861653353,0.0,74.94197907051628,0,0,159.07622702553596
mpc_untuned,dev,nominal_target_up_0,nominal,nominal,none,146.67768498041062,0.0,0.0,0.0,0.14900000000000002,0.0,72.94197907051628,0,0,161.57768498041062
mpc_tuned,dev,nominal_target_up_0,nominal,nominal,none,131.34013415524095,0.0,0.0,0.0,0.31600000000000006,26.0,70.94197907051628,0,0,162.94013415524094
mpc_known_disturbance,dev,nominal_target_up_0,nominal,nominal,none,126.59232730334533,0.0,0.0,0.0,0.29200000000000004,20.0,73.94197907051628,0,0,155.79232730334533
fixed_recipe,dev,nominal_target_down_0,nominal,nominal,none,177.99475591380306,0.0,0.0,0.0,0.17844839928031386,0.0,89.81522402862703,0,0,195.83959584183444
mpc_untuned,dev,nominal_target_down_0,nominal,nominal,none,176.6703966951962,0.0,0.0,0.0,0.18199999999999994,0.0,88.81522402862703,0,0,194.87039669519618
mpc_tuned,dev,nominal_target_down_0,nominal,nominal,none,156.9026289368761,0.0,0.0,0.0,0.3130000000000001,0.0,83.31522402862703,0,0,188.20262893687612
mpc_known_disturbance,dev,nominal_target_down_0,nominal,nominal,none,156.18651731340813,0.0,0.0,0.0,0.3060000000000001,0.0,83.81522402862703,0,0,186.78651731340815
fixed_recipe,dev,dev_feed_step_0,dev,feed,step,131.23743194302244,0.0,853.0,0.0,0.0,50.0,201.56094684904107,0,0,1837.2374319430223
mpc_untuned,dev,dev_feed_step_0,dev,feed,step,69.8715555472298,0.0,0.0,0.0,0.09000000000000008,0.0,107.56094684904107,0,0,78.8715555472298
mpc_tuned,dev,dev_feed_step_0,dev,feed,step,41.166311731491305,0.0,0.0,0.0,0.1130000000000001,0.0,60.56094684904107,0,0,52.46631173149132
mpc_known_disturbance,dev,dev_feed_step_0,dev,feed,step,40.66441246439001,0.0,0.0,0.0,0.10700000000000004,0.0,0.0,0,0,51.364412464390014
fixed_recipe,dev,dev_feed_ramp_0,dev,feed,ramp,97.7579453152507,0.0,149.0,0.0,0.0,0.0,0.0,0,0,395.7579453152507
mpc_untuned,dev,dev_feed_ramp_0,dev,feed,ramp,91.83223711574372,0.0,0.0,0.0,0.0030000000000000027,0.0,0.0,0,0,92.13223711574372
mpc_tuned,dev,dev_feed_ramp_0,dev,feed,ramp,58.25502124034543,0.0,0.0,0.0,0.06500000000000006,0.0,0.0,0,0,64.75502124034543
mpc_known_disturbance,dev,dev_feed_ramp_0,dev,feed,ramp,55.10438325924919,0.0,0.0,0.0,0.07600000000000007,0.0,0.0,0,0,62.7043832592492
fixed_recipe,dev,dev_feed_sine_0,dev,feed,sine,305.276105263557,0.0,0.0,0.0,0.0,0.0,970.5330520329306,0,0,305.276105263557
mpc_untuned,dev,dev_feed_sine_0,dev,feed,sine,323.47579881312595,0.0,0.0,0.0,0.18000000000000016,0.0,963.5330520329306,0,0,341.47579881312595
mpc_tuned,dev,dev_feed_sine_0,dev,feed,sine,233.81286555287508,0.0,0.0,0.0,0.4470000000000004,0.0,935.5330520329306,0,0,278.5128655528751
mpc_known_disturbance,dev,dev_feed_sine_0,dev,feed,sine,202.99121987809025,0.0,0.0,0.0,0.5310000000000005,0.0,923.5330520329306,0,0,256.09121987809027
fixed_recipe,dev,dev_pump_step_0,dev,pump,step,118.58006873170672,0.0,0.0,0.0,0.0,36.0,203.93868630209403,0,0,118.58006873170672
mpc_untuned,dev,dev_pump_step_0,dev,pump,step,84.74630946353848,0.0,0.0,0.0,0.040000000000000036,0.0,157.93868630209403,0,0,88.74630946353848
mpc_tuned,dev,dev_pump_step_0,dev,pump,step,21.785029089755476,0.0,0.0,0.0,0.17200000000000015,616.0,0.0,0,0,38.98502908975549
mpc_known_disturbance,dev,dev_pump_step_0,dev,pump,step,17.808292289502884,0.0,0.0,0.0,0.15100000000000008,254.0,0.0,0,0,32.908292289502896
fixed_recipe,dev,dev_pump_ramp_0,dev,pump,ramp,213.8003329300211,0.0,0.0,0.0,0.0,383.0,520.8159716678849,0,0,213.8003329300211
mpc_untuned,dev,dev_pump_ramp_0,dev,pump,ramp,95.54034572258361,0.0,0.0,0.0,0.06300000000000006,0.0,0.0,0,0,101.84034572258362
mpc_tuned,dev,dev_pump_ramp_0,dev,pump,ramp,25.823202956536456,0.0,0.0,0.0,0.18400000000000016,393.0,0.0,0,0,44.22320295653647
mpc_known_disturbance,dev,dev_pump_ramp_0,dev,pump,ramp,10.716423691754493,0.0,0.0,0.0,0.24400000000000022,0.0,0.0,0,0,35.11642369175451
fixed_recipe,dev,dev_pump_sine_0,dev,pump,sine,281.1493018233516,0.0,252.0,0.0,0.0,0.0,969.5897121678182,0,0,785.1493018233516
mpc_untuned,dev,dev_pump_sine_0,dev,pump,sine,175.60152946841248,0.0,0.0,0.0,0.3210000000000003,0.0,304.5897121678182,0,0,207.7015294684125
mpc_tuned,dev,dev_pump_sine_0,dev,pump,sine,89.23276118871394,0.0,0.0,0.0,0.5810000000000005,31.0,0.0,0,0,147.332761188714
mpc_known_disturbance,dev,dev_pump_sine_0,dev,pump,sine,55.69265346701403,0.0,0.0,0.0,0.7540000000000007,54.0,0.0,0,0,131.0926534670141
fixed_recipe,dev,dev_split_step_0,dev,split,step,213.90473826903275,0.0,0.0,0.0,0.0,430.0,418.4053442813646,0,0,213.90473826903275
mpc_untuned,dev,dev_split_step_0,dev,split,step,96.89229428226844,0.0,0.0,0.0,0.06900000000000006,31.0,151.4053442813646,0,0,103.79229428226844
mpc_tuned,dev,dev_split_step_0,dev,split,step,49.7351733355856,0.0,0.0,0.0,0.10400000000000009,0.0,0.0,0,0,60.135173335585606
mpc_known_disturbance,dev,dev_split_step_0,dev,split,step,22.799987365854903,0.0,0.0,0.0,0.18200000000000016,0.0,0.0,0,0,40.99998736585492
fixed_recipe,dev,dev_split_ramp_0,dev,split,ramp,49.36039075508809,0.0,0.0,0.0,0.0,25.0,0.0,0,0,49.36039075508809
mpc_untuned,dev,dev_split_ramp_0,dev,split,ramp,37.350274820124326,0.0,0.0,0.0,0.015000000000000013,0.0,0.0,0,0,38.850274820124326
mpc_tuned,dev,dev_split_ramp_0,dev,split,ramp,33.93990581616847,0.0,0.0,0.0,0.09000000000000008,0.0,0.0,0,0,42.939905816168476
mpc_known_disturbance,dev,dev_split_ramp_0,dev,split,ramp,29.08781202797989,0.0,0.0,0.0,0.051000000000000045,0.0,0.0,0,0,34.187812027979895
fixed_recipe,dev,dev_split_sine_0,dev,split,sine,112.5782464541089,0.0,0.0,0.0,0.0,0.0,0.0,0,0,112.5782464541089
mpc_untuned,dev,dev_split_sine_0,dev,split,sine,150.70923161616665,0.0,0.0,0.0,0.07200000000000006,0.0,0.0,0,0,157.90923161616666
mpc_tuned,dev,dev_split_sine_0,dev,split,sine,110.28731095622297,0.0,0.0,0.0,0.1050000000000001,0.0,0.0,0,0,120.78731095622298
mpc_known_disturbance,dev,dev_split_sine_0,dev,split,sine,96.68634327700713,0.0,0.0,0.0,0.14400000000000013,0.0,0.0,0,0,111.08634327700713
fixed_recipe,dev,dev_combined_step_0,dev,combined,step,88.21849290844821,0.0,588.0,0.0,0.0,0.0,0.0,0,0,1264.2184929084483
mpc_untuned,dev,dev_combined_step_0,dev,combined,step,98.99356544623978,0.0,0.0,0.0,0.04500000000000004,0.0,0.0,0,0,103.49356544623978
mpc_tuned,dev,dev_combined_step_0,dev,combined,step,42.47521712072342,0.0,0.0,0.0,0.09500000000000008,0.0,0.0,0,0,51.97521712072343
mpc_known_disturbance,dev,dev_combined_step_0,dev,combined,step,32.455347514762686,0.0,0.0,0.0,0.1870000000000001,0.0,0.0,0,0,51.155347514762695
fixed_recipe,dev,dev_combined_ramp_0,dev,combined,ramp,140.53158376768607,0.0,398.0,0.0,0.0,105.0,168.85916294765934,0,0,936.531583767686
mpc_untuned,dev,dev_combined_ramp_0,dev,combined,ramp,87.40761080653711,0.0,0.0,0.0,0.06000000000000005,0.0,0.0,0,0,93.40761080653711
mpc_tuned,dev,dev_combined_ramp_0,dev,combined,ramp,36.55448280731022,0.0,0.0,0.0,0.08100000000000007,0.0,0.0,0,0,44.65448280731023
mpc_known_disturbance,dev,dev_combined_ramp_0,dev,combined,ramp,30.982896181401397,0.0,0.0,0.0,0.09600000000000009,58.0,0.0,0,0,40.58289618140141
fixed_recipe,dev,dev_combined_sine_0,dev,combined,sine,337.8939620929063,21.0,144.0,0.0,0.0,66.0,481.33407088504975,0,0,667.8939620929063
mpc_untuned,dev,dev_combined_sine_0,dev,combined,sine,229.93703119326062,0.0,0.0,0.0,0.2250000000000002,48.0,487.83407088504975,0,0,252.43703119326065
mpc_tuned,dev,dev_combined_sine_0,dev,combined,sine,169.47059938182304,0.0,0.0,0.0,0.7250000000000004,251.0,358.83407088504975,0,0,241.9705993818231
mpc_known_disturbance,dev,dev_combined_sine_0,dev,combined,sine,142.27709491173943,0.0,0.0,0.0,0.6300000000000003,258.0,334.33407088504975,0,0,205.27709491173945
fixed_recipe,dev,nominal_target_up_1,nominal,nominal,none,217.44630494912127,0.0,151.0,0.0,0.22480573443394392,0.0,91.56218056324579,0,0,541.9268783925156
mpc_untuned,dev,nominal_target_up_1,nominal,nominal,none,213.6393891758589,33.0,0.0,0.0,0.25,39.0,92.06218056324579,0,0,304.6393891758589
mpc_tuned,dev,nominal_target_up_1,nominal,nominal,none,192.1711320173773,0.0,0.0,0.0,0.4150000000000001,25.0,90.06218056324579,0,0,233.6711320173773
mpc_known_disturbance,dev,nominal_target_up_1,nominal,nominal,none,191.3680330229605,0.0,0.0,0.0,0.37400000000000005,20.0,91.56218056324579,0,0,228.7680330229605
fixed_recipe,dev,nominal_target_down_1,nominal,nominal,none,153.931563146882,0.0,0.0,0.0,0.1527462105728894,0.0,83.52838499630433,0,0,169.20618420417094
mpc_untuned,dev,nominal_target_down_1,nominal,nominal,none,151.07327635107123,0.0,0.0,0.0,0.15500000000000003,0.0,79.52838499630433,0,0,166.57327635107123
mpc_tuned,dev,nominal_target_down_1,nominal,nominal,none,136.2426983589915,0.0,0.0,0.0,0.2880000000000001,14.0,77.52838499630433,0,0,165.04269835899152
mpc_known_disturbance,dev,nominal_target_down_1,nominal,nominal,none,136.1399159962448,0.0,0.0,0.0,0.26200000000000007,1.0,78.52838499630433,0,0,162.33991599624483
fixed_recipe,dev,dev_feed_step_1,dev,feed,step,89.29407035013813,0.0,34.0,0.0,0.0,0.0,109.17682799096661,0,0,157.29407035013813
mpc_untuned,dev,dev_feed_step_1,dev,feed,step,95.93308216118731,0.0,0.0,0.0,0.0030000000000000027,0.0,109.17682799096661,0,0,96.23308216118731
mpc_tuned,dev,dev_feed_step_1,dev,feed,step,58.69001020170913,0.0,0.0,0.0,0.1150000000000001,0.0,97.17682799096661,0,0,70.19001020170914
mpc_known_disturbance,dev,dev_feed_step_1,dev,feed,step,57.13149566169261,0.0,0.0,0.0,0.13300000000000012,0.0,90.17682799096661,0,0,70.43149566169262
fixed_recipe,dev,dev_feed_ramp_1,dev,feed,ramp,88.02661993079667,0.0,110.0,0.0,0.0,0.0,0.0,0,0,308.02661993079664
mpc_untuned,dev,dev_feed_ramp_1,dev,feed,ramp,85.97129469312293,0.0,0.0,0.0,0.0030000000000000027,0.0,0.0,0,0,86.27129469312293
mpc_tuned,dev,dev_feed_ramp_1,dev,feed,ramp,54.203127497742,0.0,0.0,0.0,0.09200000000000008,0.0,0.0,0,0,63.40312749774201
mpc_known_disturbance,dev,dev_feed_ramp_1,dev,feed,ramp,47.82912874877089,0.0,0.0,0.0,0.09600000000000009,0.0,0.0,0,0,57.4291287487709
fixed_recipe,dev,dev_feed_sine_1,dev,feed,sine,565.4203417890606,306.0,86.0,0.0,0.0,262.0,968.8216778656567,0,0,1349.4203417890606
mpc_untuned,dev,dev_feed_sine_1,dev,feed,sine,511.54841186902974,163.0,0.0,0.0,0.3590000000000003,139.0,942.8216778656567,0,0,873.4484118690298
mpc_tuned,dev,dev_feed_sine_1,dev,feed,sine,365.4701227992628,0.0,0.0,0.0,1.3420000000000005,420.0,917.8216778656567,0,0,499.67012279926286
mpc_known_disturbance,dev,dev_feed_sine_1,dev,feed,sine,310.0448653380927,0.0,0.0,0.0,1.3590000000000004,431.0,905.8216778656567,0,0,445.9448653380927
fixed_recipe,dev,dev_pump_step_1,dev,pump,step,70.46436228434342,0.0,0.0,0.0,0.0,0.0,0.0,0,0,70.46436228434342
mpc_untuned,dev,dev_pump_step_1,dev,pump,step,78.02420119307683,0.0,0.0,0.0,0.006000000000000005,0.0,0.0,0,0,78.62420119307683
mpc_tuned,dev,dev_pump_step_1,dev,pump,step,28.373420526885564,0.0,0.0,0.0,0.1080000000000001,0.0,0.0,0,0,39.17342052688557
mpc_known_disturbance,dev,dev_pump_step_1,dev,pump,step,17.053880989222126,0.0,0.0,0.0,0.10200000000000009,0.0,0.0,0,0,27.253880989222136
fixed_recipe,dev,dev_pump_ramp_1,dev,pump,ramp,149.8020043289053,0.0,0.0,0.0,0.0,61.0,415.4588471840551,0,0,149.8020043289053
mpc_untuned,dev,dev_pump_ramp_1,dev,pump,ramp,90.27601235466707,0.0,0.0,0.0,0.04200000000000004,0.0,0.0,0,0,94.47601235466708
mpc_tuned,dev,dev_pump_ramp_1,dev,pump,ramp,26.65601802756853,0.0,0.0,0.0,0.06000000000000005,0.0,0.0,0,0,32.656018027568535
mpc_known_disturbance,dev,dev_pump_ramp_1,dev,pump,ramp,9.213404537182239,0.0,0.0,0.0,0.2240000000000002,0.0,0.0,0,0,31.61340453718226
fixed_recipe,dev,dev_pump_sine_1,dev,pump,sine,107.97621878526789,0.0,0.0,0.0,0.0,0.0,0.0,0,0,107.97621878526789
mpc_untuned,dev,dev_pump_sine_1,dev,pump,sine,95.65012334597476,0.0,0.0,0.0,0.13000000000000012,0.0,0.0,0,0,108.65012334597478
mpc_tuned,dev,dev_pump_sine_1,dev,pump,sine,52.9304111502781,0.0,0.0,0.0,0.3100000000000003,0.0,0.0,0,0,83.93041115027813
mpc_known_disturbance,dev,dev_pump_sine_1,dev,pump,sine,39.2989351305188,0.0,0.0,0.0,0.40600000000000036,0.0,0.0,0,0,79.89893513051884
fixed_recipe,dev,dev_split_step_1,dev,split,step,40.21398451555243,0.0,194.0,0.0,0.0,0.0,0.0,0,0,428.21398451555245
mpc_untuned,dev,dev_split_step_1,dev,split,step,39.66714345515148,0.0,0.0,0.0,0.015000000000000013,0.0,0.0,0,0,41.16714345515148
mpc_tuned,dev,dev_split_step_1,dev,split,step,20.888133449407057,0.0,0.0,0.0,0.16300000000000014,0.0,0.0,0,0,37.188133449407076
mpc_known_disturbance,dev,dev_split_step_1,dev,split,step,19.30006841680086,0.0,0.0,0.0,0.07400000000000007,0.0,0.0,0,0,26.700068416800864
fixed_recipe,dev,dev_split_ramp_1,dev,split,ramp,34.519518713513875,0.0,255.0,0.0,0.0,0.0,0.0,0,0,544.5195187135139
mpc_untuned,dev,dev_split_ramp_1,dev,split,ramp,37.58035341178666,0.0,0.0,0.0,0.009000000000000008,0.0,0.0,0,0,38.48035341178666
mpc_tuned,dev,dev_split_ramp_1,dev,split,ramp,21.038397981029494,0.0,0.0,0.0,0.08800000000000008,0.0,0.0,0,0,29.8383979810295
mpc_known_disturbance,dev,dev_split_ramp_1,dev,split,ramp,18.49561968055464,0.0,0.0,0.0,0.07300000000000006,0.0,0.0,0,0,25.795619680554644
fixed_recipe,dev,dev_split_sine_1,dev,split,sine,191.92814230899995,0.0,0.0,0.0,0.0,0.0,756.0289584531445,0,0,191.92814230899995
mpc_untuned,dev,dev_split_sine_1,dev,split,sine,278.50008776665686,0.0,0.0,0.0,0.3520000000000003,0.0,941.0289584531445,0,0,313.7000877666569
mpc_tuned,dev,dev_split_sine_1,dev,split,sine,217.67256920277367,0.0,0.0,0.0,0.3630000000000003,0.0,937.0289584531445,0,0,253.9725692027737
mpc_known_disturbance,dev,dev_split_sine_1,dev,split,sine,180.74754837244177,0.0,0.0,0.0,0.3510000000000003,0.0,767.0289584531445,0,0,215.8475483724418
fixed_recipe,dev,dev_combined_step_1,dev,combined,step,67.28061146081554,0.0,0.0,0.0,0.0,0.0,0.0,0,0,67.28061146081554
mpc_untuned,dev,dev_combined_step_1,dev,combined,step,67.28061146081554,0.0,0.0,0.0,0.0,0.0,0.0,0,0,67.28061146081554
mpc_tuned,dev,dev_combined_step_1,dev,combined,step,33.40526541818574,0.0,0.0,0.0,0.07700000000000007,0.0,0.0,0,0,41.10526541818575
mpc_known_disturbance,dev,dev_combined_step_1,dev,combined,step,26.5156633757488,0.0,0.0,0.0,0.07200000000000006,0.0,0.0,0,0,33.715663375748804
fixed_recipe,dev,dev_combined_ramp_1,dev,combined,ramp,245.2923579114529,0.0,0.0,0.0,0.0,544.0,257.27773834146893,0,0,245.2923579114529
mpc_untuned,dev,dev_combined_ramp_1,dev,combined,ramp,90.28579129266926,0.0,0.0,0.0,0.08000000000000007,0.0,0.0,0,0,98.28579129266927
mpc_tuned,dev,dev_combined_ramp_1,dev,combined,ramp,32.838267002857684,0.0,0.0,0.0,0.10200000000000009,0.0,0.0,0,0,43.038267002857694
mpc_known_disturbance,dev,dev_combined_ramp_1,dev,combined,ramp,25.597889919794717,0.0,0.0,0.0,0.15900000000000014,0.0,0.0,0,0,41.49788991979473
fixed_recipe,dev,dev_combined_sine_1,dev,combined,sine,351.5603331174198,173.0,133.0,0.0,0.0,109.0,461.4751222024703,0,0,963.5603331174198
mpc_untuned,dev,dev_combined_sine_1,dev,combined,sine,347.79856178157684,97.0,82.0,0.0,0.20300000000000018,99.0,461.4751222024703,0,0,726.0985617815769
mpc_tuned,dev,dev_combined_sine_1,dev,combined,sine,375.8174410114451,0.0,0.0,0.0,1.0560000000000005,156.0,461.4751222024703,0,0,481.41744101144513
mpc_known_disturbance,dev,dev_combined_sine_1,dev,combined,sine,212.39818873267376,0.0,0.0,0.0,1.0250000000000004,173.0,461.4751222024703,0,0,314.8981887326738
fixed_recipe,dev,nominal_target_up_2,nominal,nominal,none,158.25436803430853,0.0,0.0,0.0,0.16507911045938173,0.0,79.38940541423611,0,0,174.76227908024669
mpc_untuned,dev,nominal_target_up_2,nominal,nominal,none,151.32059432540524,0.0,0.0,0.0,0.16100000000000003,0.0,77.88940541423611,0,0,167.42059432540523
mpc_tuned,dev,nominal_target_up_2,nominal,nominal,none,139.10301641346547,0.0,0.0,0.0,0.31600000000000006,30.0,74.38940541423611,0,0,170.70301641346546
mpc_known_disturbance,dev,nominal_target_up_2,nominal,nominal,none,138.21781764497433,0.0,0.0,0.0,0.31700000000000006,22.0,74.88940541423611,0,0,169.91781764497435
fixed_recipe,dev,nominal_target_down_2,nominal,nominal,none,245.49902263175096,0.0,0.0,0.0,0.2440369776326386,0.0,101.56020970065231,0,0,269.9027203950148
mpc_untuned,dev,nominal_target_down_2,nominal,nominal,none,258.59994962788437,0.0,0.0,0.0,0.24500000000000005,0.0,109.06020970065231,0,0,283.09994962788437
mpc_tuned,dev,nominal_target_down_2,nominal,nominal,none,216.47592127563445,0.0,0.0,0.0,0.3870000000000001,14.0,102.06020970065231,0,0,255.17592127563447
mpc_known_disturbance,dev,nominal_target_down_2,nominal,nominal,none,218.40913116132685,0.0,0.0,0.0,0.3830000000000001,10.0,102.56020970065231,0,0,256.70913116132687
fixed_recipe,dev,dev_feed_step_2,dev,feed,step,185.1746961450999,0.0,867.0,0.0,0.0,111.0,284.77123168013736,0,0,1919.1746961451
mpc_untuned,dev,dev_feed_step_2,dev,feed,step,93.19688902379933,0.0,0.0,0.0,0.12900000000000011,10.0,120.77123168013736,0,0,106.09688902379933
mpc_tuned,dev,dev_feed_step_2,dev,feed,step,54.26881827741059,0.0,0.0,0.0,0.1680000000000001,0.0,90.77123168013736,0,0,71.0688182774106
mpc_known_disturbance,dev,dev_feed_step_2,dev,feed,step,49.47311469178202,0.0,0.0,0.0,0.19300000000000006,24.0,75.77123168013736,0,0,68.77311469178203
fixed_recipe,dev,dev_feed_ramp_2,dev,feed,ramp,636.4199970098073,0.0,0.0,0.0,0.0,811.0,1019.8195198913004,0,0,636.4199970098073
mpc_untuned,dev,dev_feed_ramp_2,dev,feed,ramp,144.79051866506984,0.0,75.0,0.0,0.14600000000000013,0.0,430.81951989130033,0,0,309.39051866506986
mpc_tuned,dev,dev_feed_ramp_2,dev,feed,ramp,95.22144612040346,0.0,0.0,0.0,0.17100000000000015,0.0,0.0,0,0,112.32144612040346
mpc_known_disturbance,dev,dev_feed_ramp_2,dev,feed,ramp,78.10713785021152,0.0,0.0,0.0,0.19600000000000017,119.0,0.0,0,0,97.70713785021152
fixed_recipe,dev,dev_feed_sine_2,dev,feed,sine,830.0245048266661,406.0,0.0,0.0,0.0,269.0,992.8527691060369,0,0,1642.024504826666
mpc_untuned,dev,dev_feed_sine_2,dev,feed,sine,715.852497707282,279.0,83.0,0.0,0.5530000000000004,249.0,992.8527691060369,0,0,1495.152497707282
mpc_tuned,dev,dev_feed_sine_2,dev,feed,sine,499.7665202810623,0.0,0.0,0.0,1.9640000000000004,413.0,992.8527691060369,0,0,696.1665202810623
mpc_known_disturbance,dev,dev_feed_sine_2,dev,feed,sine,420.1839130319727,0.0,0.0,0.0,1.6590000000000007,385.0,992.8527691060369,0,0,586.0839130319728
fixed_recipe,dev,dev_pump_step_2,dev,pump,step,40.07199863147827,0.0,0.0,0.0,0.0,0.0,0.0,0,0,40.07199863147827
mpc_untuned,dev,dev_pump_step_2,dev,pump,step,40.07199863147827,0.0,0.0,0.0,0.0,0.0,0.0,0,0,40.07199863147827
mpc_tuned,dev,dev_pump_step_2,dev,pump,step,17.99625264159489,0.0,0.0,0.0,0.062000000000000055,0.0,0.0,0,0,24.196252641594896
mpc_known_disturbance,dev,dev_pump_step_2,dev,pump,step,13.157054479694036,0.0,0.0,0.0,0.03200000000000003,0.0,0.0,0,0,16.35705447969404
fixed_recipe,dev,dev_pump_ramp_2,dev,pump,ramp,106.00788317925864,0.0,0.0,0.0,0.0,0.0,0.0,0,0,106.00788317925864
mpc_untuned,dev,dev_pump_ramp_2,dev,pump,ramp,96.01921650998852,0.0,0.0,0.0,0.006000000000000005,0.0,0.0,0,0,96.61921650998852
mpc_tuned,dev,dev_pump_ramp_2,dev,pump,ramp,23.08367608055731,0.0,0.0,0.0,0.04200000000000004,0.0,0.0,0,0,27.283676080557314
mpc_known_disturbance,dev,dev_pump_ramp_2,dev,pump,ramp,5.640716043023733,0.0,0.0,0.0,0.24900000000000022,0.0,0.0,0,0,30.540716043023757
fixed_recipe,dev,dev_pump_sine_2,dev,pump,sine,173.61068278026679,0.0,152.0,0.0,0.0,0.0,654.1461176514094,0,0,477.61068278026676
mpc_untuned,dev,dev_pump_sine_2,dev,pump,sine,97.21415902056242,0.0,0.0,0.0,0.1140000000000001,0.0,0.0,0,0,108.61415902056243
mpc_tuned,dev,dev_pump_sine_2,dev,pump,sine,33.51726805518344,0.0,0.0,0.0,0.27500000000000024,0.0,0.0,0,0,61.017268055183465
mpc_known_disturbance,dev,dev_pump_sine_2,dev,pump,sine,16.475222092275818,0.0,0.0,0.0,0.40500000000000036,0.0,0.0,0,0,56.97522209227586
fixed_recipe,dev,dev_split_step_2,dev,split,step,58.80593701945618,0.0,810.0,0.0,0.0,0.0,0.0,0,0,1678.8059370194562
mpc_untuned,dev,dev_split_step_2,dev,split,step,57.79543666440773,0.0,0.0,0.0,0.08900000000000008,0.0,0.0,0,0,66.69543666440774
mpc_tuned,dev,dev_split_step_2,dev,split,step,35.15182138879864,0.0,0.0,0.0,0.1200000000000001,0.0,0.0,0,0,47.15182138879865
mpc_known_disturbance,dev,dev_split_step_2,dev,split,step,27.81637461359465,0.0,0.0,0.0,0.08900000000000008,0.0,0.0,0,0,36.71637461359466
fixed_recipe,dev,dev_split_ramp_2,dev,split,ramp,49.72278767017257,0.0,0.0,0.0,0.0,0.0,0.0,0,0,49.72278767017257
mpc_untuned,dev,dev_split_ramp_2,dev,split,ramp,49.72278767017257,0.0,0.0,0.0,0.0,0.0,0.0,0,0,49.72278767017257
mpc_tuned,dev,dev_split_ramp_2,dev,split,ramp,29.361244018205788,0.0,0.0,0.0,0.027000000000000024,0.0,0.0,0,0,32.06124401820579
mpc_known_disturbance,dev,dev_split_ramp_2,dev,split,ramp,8.932102788774824,0.0,0.0,0.0,0.18000000000000016,0.0,0.0,0,0,26.932102788774838
fixed_recipe,dev,dev_split_sine_2,dev,split,sine,323.93850389231625,0.0,74.0,0.0,0.0,35.0,962.6922614850436,0,0,471.93850389231625
mpc_untuned,dev,dev_split_sine_2,dev,split,sine,253.336624663051,0.0,0.0,0.0,0.2150000000000002,0.0,965.6922614850436,0,0,274.836624663051
mpc_tuned,dev,dev_split_sine_2,dev,split,sine,114.64113527237913,0.0,0.0,0.0,0.6750000000000003,281.0,0.0,0,0,182.14113527237916
mpc_known_disturbance,dev,dev_split_sine_2,dev,split,sine,133.51727940945926,0.0,0.0,0.0,0.5630000000000003,268.0,684.6922614850436,0,0,189.81727940945927
fixed_recipe,dev,dev_combined_step_2,dev,combined,step,345.87790571491615,0.0,702.0,0.0,0.0,580.0,209.36324141810763,0,0,1749.877905714916
mpc_untuned,dev,dev_combined_step_2,dev,combined,step,113.01081354172624,0.0,0.0,0.0,0.1100000000000001,0.0,61.363241418107634,0,0,124.01081354172625
mpc_tuned,dev,dev_combined_step_2,dev,combined,step,44.92625159704383,0.0,0.0,0.0,0.19100000000000011,57.0,0.0,0,0,64.02625159704384
mpc_known_disturbance,dev,dev_combined_step_2,dev,combined,step,35.454781833756826,0.0,0.0,0.0,0.2780000000000002,59.0,0.0,0,0,63.254781833756844
fixed_recipe,dev,dev_combined_ramp_2,dev,combined,ramp,180.4168910127309,0.0,0.0,0.0,0.0,592.0,194.09780484553613,0,0,180.4168910127309
mpc_untuned,dev,dev_combined_ramp_2,dev,combined,ramp,78.25229502875739,0.0,0.0,0.0,0.04200000000000004,0.0,0.0,0,0,82.45229502875739
mpc_tuned,dev,dev_combined_ramp_2,dev,combined,ramp,42.088253359797264,0.0,0.0,0.0,0.06300000000000006,0.0,0.0,0,0,48.38825335979727
mpc_known_disturbance,dev,dev_combined_ramp_2,dev,combined,ramp,13.312606009451294,0.0,0.0,0.0,0.19200000000000017,0.0,0.0,0,0,32.51260600945131
fixed_recipe,dev,dev_combined_sine_2,dev,combined,sine,242.56200921687775,0.0,106.0,0.0,0.0,0.0,348.7270940321156,0,0,454.56200921687775
mpc_untuned,dev,dev_combined_sine_2,dev,combined,sine,230.3723164179098,0.0,0.0,0.0,0.1140000000000001,0.0,406.2270940321156,0,0,241.7723164179098
mpc_tuned,dev,dev_combined_sine_2,dev,combined,sine,156.44796789568662,0.0,0.0,0.0,0.6140000000000003,96.0,139.72709403211556,0,0,217.84796789568665
mpc_known_disturbance,dev,dev_combined_sine_2,dev,combined,sine,117.77662754757728,0.0,0.0,0.0,0.6560000000000005,200.0,0.0,0,0,183.37662754757733
fixed_recipe,heldout,nominal_target_up_0,nominal,nominal,none,238.97053233322026,0.0,250.0,0.0,0.24654644515021973,0.0,94.87134410654328,0,0,763.6251768482423
mpc_untuned,heldout,nominal_target_up_0,nominal,nominal,none,236.2315186419866,0.0,0.0,0.0,0.27899999999999997,33.0,92.37134410654328,0,0,264.1315186419866
mpc_tuned,heldout,nominal_target_up_0,nominal,nominal,none,206.4263846925354,0.0,0.0,0.0,0.41400000000000003,30.0,93.37134410654328,0,0,247.8263846925354
mpc_known_disturbance,heldout,nominal_target_up_0,nominal,nominal,none,203.44676418586312,0.0,0.0,0.0,0.43400000000000005,29.0,93.87134410654328,0,0,246.84676418586312
fixed_recipe,heldout,nominal_target_down_0,nominal,nominal,none,221.6373731409686,0.0,0.0,0.0,0.21500212362726479,0.0,98.20506923231142,0,0,243.13758550369508
mpc_untuned,heldout,nominal_target_down_0,nominal,nominal,none,216.18350339748895,0.0,0.0,0.0,0.21799999999999997,0.0,97.20506923231142,0,0,237.98350339748896
mpc_tuned,heldout,nominal_target_down_0,nominal,nominal,none,202.7654425271914,0.0,0.0,0.0,0.3610000000000001,30.0,101.70506923231142,0,0,238.86544252719142
mpc_known_disturbance,heldout,nominal_target_down_0,nominal,nominal,none,202.5749032562734,0.0,0.0,0.0,0.3560000000000001,24.0,102.20506923231142,0,0,238.1749032562734
fixed_recipe,heldout,dev_feed_step_0,dev,feed,step,89.69569721714812,0.0,20.0,0.0,0.0,0.0,108.75459481409428,0,0,129.6956972171481
mpc_untuned,heldout,dev_feed_step_0,dev,feed,step,97.92454577937464,0.0,0.0,0.0,0.0030000000000000027,0.0,108.75459481409428,0,0,98.22454577937464
mpc_tuned,heldout,dev_feed_step_0,dev,feed,step,58.68975374772526,0.0,0.0,0.0,0.14100000000000013,0.0,97.75459481409428,0,0,72.78975374772527
mpc_known_disturbance,heldout,dev_feed_step_0,dev,feed,step,55.85747131845923,0.0,0.0,0.0,0.16300000000000014,0.0,91.75459481409428,0,0,72.15747131845924
fixed_recipe,heldout,dev_feed_ramp_0,dev,feed,ramp,78.43719149430933,0.0,672.0,0.0,0.0,0.0,0.0,0,0,1422.4371914943094
mpc_untuned,heldout,dev_feed_ramp_0,dev,feed,ramp,60.98618631370651,0.0,0.0,0.0,0.03500000000000003,0.0,0.0,0,0,64.48618631370651
mpc_tuned,heldout,dev_feed_ramp_0,dev,feed,ramp,36.58329854768425,0.0,0.0,0.0,0.1260000000000001,0.0,0.0,0,0,49.18329854768426
mpc_known_disturbance,heldout,dev_feed_ramp_0,dev,feed,ramp,29.24688968789114,0.0,0.0,0.0,0.1190000000000001,0.0,0.0,0,0,41.146889687891154
fixed_recipe,heldout,dev_feed_sine_0,dev,feed,sine,529.9834407477059,0.0,65.0,0.0,0.0,53.0,947.5402766535562,0,0,659.9834407477059
mpc_untuned,heldout,dev_feed_sine_0,dev,feed,sine,586.2775891342528,31.0,0.0,0.0,0.6600000000000006,30.0,947.5402766535562,0,0,714.2775891342528
mpc_tuned,heldout,dev_feed_sine_0,dev,feed,sine,458.66699707392866,0.0,0.0,0.0,1.1470000000000007,0.0,947.5402766535562,0,0,573.3669970739287
mpc_known_disturbance,heldout,dev_feed_sine_0,dev,feed,sine,404.9605365037927,0.0,0.0,0.0,1.152000000000001,0.0,947.5402766535562,0,0,520.1605365037929
fixed_recipe,heldout,dev_pump_step_0,dev,pump,step,102.76260157144063,0.0,0.0,0.0,0.0,0.0,0.0,0,0,102.76260157144063
mpc_untuned,heldout,dev_pump_step_0,dev,pump,step,78.25795334658872,0.0,0.0,0.0,0.019000000000000017,0.0,0.0,0,0,80.15795334658873
mpc_tuned,heldout,dev_pump_step_0,dev,pump,step,21.55882294270628,0.0,0.0,0.0,0.05900000000000005,0.0,0.0,0,0,27.458822942706284
mpc_known_disturbance,heldout,dev_pump_step_0,dev,pump,step,11.027512656117292,0.0,0.0,0.0,0.14100000000000013,0.0,0.0,0,0,25.127512656117304
fixed_recipe,heldout,dev_pump_ramp_0,dev,pump,ramp,353.3130334134822,0.0,0.0,0.0,0.0,577.0,979.3635171876364,0,0,353.3130334134822
mpc_untuned,heldout,dev_pump_ramp_0,dev,pump,ramp,95.7561256179602,0.0,0.0,0.0,0.09000000000000008,0.0,0.0,0,0,104.75612561796021
mpc_tuned,heldout,dev_pump_ramp_0,dev,pump,ramp,22.153388175946688,0.0,0.0,0.0,0.2130000000000002,0.0,0.0,0,0,43.453388175946706
mpc_known_disturbance,heldout,dev_pump_ramp_0,dev,pump,ramp,5.051061709738736,0.0,0.0,0.0,0.3310000000000003,0.0,0.0,0,0,38.15106170973877
fixed_recipe,heldout,dev_pump_sine_0,dev,pump,sine,208.71156080701087,0.0,0.0,0.0,0.0,0.0,974.7138828705824,0,0,208.71156080701087
mpc_untuned,heldout,dev_pump_sine_0,dev,pump,sine,187.72596328317636,0.0,0.0,0.0,0.02400000000000002,0.0,945.7138828705824,0,0,190.12596328317636
mpc_tuned,heldout,dev_pump_sine_0,dev,pump,sine,86.85761459260398,0.0,0.0,0.0,0.18300000000000016,0.0,0.0,0,0,105.15761459260399
mpc_known_disturbance,heldout,dev_pump_sine_0,dev,pump,sine,75.0953639440706,0.0,0.0,0.0,0.2120000000000002,0.0,0.0,0,0,96.29536394407062
fixed_recipe,heldout,dev_split_step_0,dev,split,step,245.37852097601572,0.0,0.0,0.0,0.0,617.0,423.0186403486695,0,0,245.37852097601572
mpc_untuned,heldout,dev_split_step_0,dev,split,step,104.09299814438978,0.0,0.0,0.0,0.07100000000000006,38.0,155.01864034866952,0,0,111.19299814438979
mpc_tuned,heldout,dev_split_step_0,dev,split,step,50.23027542809395,0.0,0.0,0.0,0.1150000000000001,0.0,55.01864034866952,0,0,61.73027542809396
mpc_known_disturbance,heldout,dev_split_step_0,dev,split,step,25.976682021581805,0.0,0.0,0.0,0.18500000000000016,0.0,0.0,0,0,44.47668202158182
fixed_recipe,heldout,dev_split_ramp_0,dev,split,ramp,223.43040498348626,0.0,0.0,0.0,0.0,601.0,984.2720750761313,0,0,223.43040498348626
mpc_untuned,heldout,dev_split_ramp_0,dev,split,ramp,38.59299011688577,0.0,0.0,0.0,0.07500000000000007,0.0,0.0,0,0,46.09299011688578
mpc_tuned,heldout,dev_split_ramp_0,dev,split,ramp,45.77757564532587,0.0,0.0,0.0,0.15900000000000014,0.0,0.0,0,0,61.67757564532588
mpc_known_disturbance,heldout,dev_split_ramp_0,dev,split,ramp,41.701230722063364,0.0,0.0,0.0,0.10200000000000009,0.0,0.0,0,0,51.901230722063374
fixed_recipe,heldout,dev_split_sine_0,dev,split,sine,143.32528937684455,0.0,0.0,0.0,0.0,0.0,473.12228022550397,0,0,143.32528937684455
mpc_untuned,heldout,dev_split_sine_0,dev,split,sine,199.01434692467683,0.0,0.0,0.0,0.14600000000000013,0.0,833.122280225504,0,0,213.61434692467685
mpc_tuned,heldout,dev_split_sine_0,dev,split,sine,148.27137214048486,0.0,0.0,0.0,0.20900000000000019,0.0,0.0,0,0,169.1713721404849
mpc_known_disturbance,heldout,dev_split_sine_0,dev,split,sine,125.05807740423073,0.0,0.0,0.0,0.24300000000000022,0.0,0.0,0,0,149.35807740423076
fixed_recipe,heldout,dev_combined_step_0,dev,combined,step,119.52737427760746,0.0,209.0,0.0,0.0,0.0,86.85378927105079,0,0,537.5273742776075
mpc_untuned,heldout,dev_combined_step_0,dev,combined,step,111.33601725655086,0.0,0.0,0.0,0.025000000000000022,0.0,68.35378927105079,0,0,113.83601725655086
mpc_tuned,heldout,dev_combined_step_0,dev,combined,step,53.946240987184126,0.0,0.0,0.0,0.1900000000000001,249.0,0.0,0,0,72.94624098718414
mpc_known_disturbance,heldout,dev_combined_step_0,dev,combined,step,36.71492333306074,0.0,0.0,0.0,0.12700000000000006,0.0,0.0,0,0,49.41492333306074
fixed_recipe,heldout,dev_combined_ramp_0,dev,combined,ramp,72.227344394102,0.0,0.0,0.0,0.0,0.0,0.0,0,0,72.227344394102
mpc_untuned,heldout,dev_combined_ramp_0,dev,combined,ramp,72.227344394102,0.0,0.0,0.0,0.0,0.0,0.0,0,0,72.227344394102
mpc_tuned,heldout,dev_combined_ramp_0,dev,combined,ramp,54.682327330605595,0.0,0.0,0.0,0.03600000000000003,0.0,0.0,0,0,58.2823273306056
mpc_known_disturbance,heldout,dev_combined_ramp_0,dev,combined,ramp,49.1572213338686,0.0,0.0,0.0,0.018000000000000016,0.0,0.0,0,0,50.9572213338686
fixed_recipe,heldout,dev_combined_sine_0,dev,combined,sine,562.393687068084,110.0,96.0,0.0,0.0,132.0,482.7079023498039,0,0,974.393687068084
mpc_untuned,heldout,dev_combined_sine_0,dev,combined,sine,486.7589991795304,56.0,25.0,0.0,0.40700000000000036,127.0,473.2079023498039,0,0,689.4589991795305
mpc_tuned,heldout,dev_combined_sine_0,dev,combined,sine,321.6618683651375,0.0,0.0,0.0,1.8360000000000005,421.0,464.7079023498039,0,0,505.2618683651375
mpc_known_disturbance,heldout,dev_combined_sine_0,dev,combined,sine,276.25104091813336,0.0,0.0,0.0,1.8130000000000002,409.0,428.1992642203274,0,0,457.55104091813337
fixed_recipe,heldout,nominal_target_up_1,nominal,nominal,none,137.76708620228405,0.0,0.0,0.0,0.13899034542674327,0.0,74.01367851037483,0,0,151.66612074495836
mpc_untuned,heldout,nominal_target_up_1,nominal,nominal,none,136.62382960809893,0.0,0.0,0.0,0.137,0.0,71.01367851037483,0,0,150.32382960809892
mpc_tuned,heldout,nominal_target_up_1,nominal,nominal,none,118.90779198809545,0.0,0.0,0.0,0.2270000000000001,0.0,70.51367851037483,0,0,141.60779198809547
mpc_known_disturbance,heldout,nominal_target_up_1,nominal,nominal,none,119.06212691566449,0.0,0.0,0.0,0.20700000000000007,0.0,70.51367851037483,0,0,139.7621269156645
fixed_recipe,heldout,nominal_target_down_1,nominal,nominal,none,224.94340675586682,0.0,0.0,0.0,0.22164324834218402,0.0,98.5399798773206,0,0,247.10773159008522
mpc_untuned,heldout,nominal_target_down_1,nominal,nominal,none,221.100162712258,0.0,0.0,0.0,0.22399999999999998,0.0,98.5399798773206,0,0,243.500162712258
mpc_tuned,heldout,nominal_target_down_1,nominal,nominal,none,204.67202125443623,0.0,0.0,0.0,0.3570000000000001,0.0,102.5399798773206,0,0,240.37202125443625
mpc_known_disturbance,heldout,nominal_target_down_1,nominal,nominal,none,206.84039809547738,0.0,0.0,0.0,0.3490000000000001,0.0,104.0399798773206,0,0,241.7403980954774
fixed_recipe,heldout,dev_feed_step_1,dev,feed,step,118.52261414542497,0.0,928.0,0.0,0.0,25.0,164.52919764301544,0,0,1974.522614145425
mpc_untuned,heldout,dev_feed_step_1,dev,feed,step,67.66888171503054,0.0,0.0,0.0,0.07700000000000007,0.0,98.52919764301544,0,0,75.36888171503054
mpc_tuned,heldout,dev_feed_step_1,dev,feed,step,40.21812854466326,0.0,0.0,0.0,0.10200000000000009,0.0,0.0,0,0,50.41812854466327
mpc_known_disturbance,heldout,dev_feed_step_1,dev,feed,step,35.60229584594269,0.0,0.0,0.0,0.12400000000000005,0.0,0.0,0,0,48.0022958459427
fixed_recipe,heldout,dev_feed_ramp_1,dev,feed,ramp,72.54092840478316,0.0,596.0,0.0,0.0,0.0,0.0,0,0,1264.5409284047832
mpc_untuned,heldout,dev_feed_ramp_1,dev,feed,ramp,56.284313750670215,0.0,0.0,0.0,0.026000000000000023,0.0,0.0,0,0,58.884313750670216
mpc_tuned,heldout,dev_feed_ramp_1,dev,feed,ramp,30.933038005096897,0.0,0.0,0.0,0.1160000000000001,0.0,0.0,0,0,42.533038005096905
mpc_known_disturbance,heldout,dev_feed_ramp_1,dev,feed,ramp,28.60999951547271,0.0,0.0,0.0,0.09800000000000009,0.0,0.0,0,0,38.40999951547272
fixed_recipe,heldout,dev_feed_sine_1,dev,feed,sine,321.2462580474431,0.0,0.0,0.0,0.0,0.0,995.0941414106793,0,0,321.2462580474431
mpc_untuned,heldout,dev_feed_sine_1,dev,feed,sine,352.259805049177,0.0,0.0,0.0,0.3170000000000003,0.0,995.0941414106793,0,0,383.959805049177
mpc_tuned,heldout,dev_feed_sine_1,dev,feed,sine,286.1078207230658,0.0,0.0,0.0,0.8000000000000007,0.0,995.0941414106793,0,0,366.10782072306586
mpc_known_disturbance,heldout,dev_feed_sine_1,dev,feed,sine,246.29782143710378,0.0,0.0,0.0,0.9440000000000008,0.0,995.0941414106793,0,0,340.69782143710387
fixed_recipe,heldout,dev_pump_step_1,dev,pump,step,50.58776072687178,0.0,0.0,0.0,0.0,0.0,0.0,0,0,50.58776072687178
mpc_untuned,heldout,dev_pump_step_1,dev,pump,step,52.96339135525973,0.0,0.0,0.0,0.0030000000000000027,0.0,0.0,0,0,53.26339135525973
mpc_tuned,heldout,dev_pump_step_1,dev,pump,step,17.699917038243846,0.0,0.0,0.0,0.1070000000000001,0.0,0.0,0,0,28.399917038243856
mpc_known_disturbance,heldout,dev_pump_step_1,dev,pump,step,15.233634943289957,0.0,0.0,0.0,0.08300000000000007,0.0,0.0,0,0,23.533634943289965
fixed_recipe,heldout,dev_pump_ramp_1,dev,pump,ramp,60.08357131600093,0.0,0.0,0.0,0.0,0.0,0.0,0,0,60.08357131600093
mpc_untuned,heldout,dev_pump_ramp_1,dev,pump,ramp,60.08357131600093,0.0,0.0,0.0,0.0,0.0,0.0,0,0,60.08357131600093
mpc_tuned,heldout,dev_pump_ramp_1,dev,pump,ramp,23.602249741095118,0.0,0.0,0.0,0.062000000000000055,0.0,0.0,0,0,29.802249741095125
mpc_known_disturbance,heldout,dev_pump_ramp_1,dev,pump,ramp,16.50183511830387,0.0,0.0,0.0,0.02400000000000002,0.0,0.0,0,0,18.90183511830387
fixed_recipe,heldout,dev_pump_sine_1,dev,pump,sine,93.26969621387963,0.0,0.0,0.0,0.0,0.0,0.0,0,0,93.26969621387963
mpc_untuned,heldout,dev_pump_sine_1,dev,pump,sine,85.63219721184787,0.0,0.0,0.0,0.17900000000000016,0.0,0.0,0,0,103.53219721184789
mpc_tuned,heldout,dev_pump_sine_1,dev,pump,sine,50.245683600746474,0.0,0.0,0.0,0.4770000000000004,0.0,0.0,0,0,97.94568360074652
mpc_known_disturbance,heldout,dev_pump_sine_1,dev,pump,sine,35.79918158891702,0.0,0.0,0.0,0.5380000000000005,0.0,0.0,0,0,89.59918158891708
fixed_recipe,heldout,dev_split_step_1,dev,split,step,101.49319888051309,0.0,0.0,0.0,0.0,62.0,306.696386217474,0,0,101.49319888051309
mpc_untuned,heldout,dev_split_step_1,dev,split,step,82.69021346747354,0.0,0.0,0.0,0.04700000000000004,0.0,0.0,0,0,87.39021346747354
mpc_tuned,heldout,dev_split_step_1,dev,split,step,52.09869448751542,0.0,0.0,0.0,0.14400000000000013,0.0,0.0,0,0,66.49869448751542
mpc_known_disturbance,heldout,dev_split_step_1,dev,split,step,46.59072067002344,0.0,0.0,0.0,0.08500000000000008,0.0,0.0,0,0,55.090720670023444
fixed_recipe,heldout,dev_split_ramp_1,dev,split,ramp,42.13573831658668,0.0,685.0,0.0,0.0,0.0,0.0,0,0,1412.1357383165866
mpc_untuned,heldout,dev_split_ramp_1,dev,split,ramp,47.296731035764424,0.0,0.0,0.0,0.03500000000000003,0.0,0.0,0,0,50.796731035764424
mpc_tuned,heldout,dev_split_ramp_1,dev,split,ramp,26.24015386648148,0.0,0.0,0.0,0.10300000000000009,0.0,0.0,0,0,36.54015386648149
mpc_known_disturbance,heldout,dev_split_ramp_1,dev,split,ramp,23.909354457005204,0.0,0.0,0.0,0.052000000000000046,0.0,0.0,0,0,29.10935445700521
fixed_recipe,heldout,dev_split_sine_1,dev,split,sine,346.01007577789335,0.0,0.0,0.0,0.0,0.0,956.8868873150564,0,0,346.01007577789335
mpc_untuned,heldout,dev_split_sine_1,dev,split,sine,294.6569585487929,0.0,0.0,0.0,0.15800000000000014,0.0,953.8868873150564,0,0,310.4569585487929
mpc_tuned,heldout,dev_split_sine_1,dev,split,sine,161.35859492518458,0.0,0.0,0.0,0.7580000000000003,318.0,896.8868873150564,0,0,237.15859492518462
mpc_known_disturbance,heldout,dev_split_sine_1,dev,split,sine,161.35562058761928,0.0,0.0,0.0,0.7400000000000003,329.0,903.8868873150564,0,0,235.3556205876193
fixed_recipe,heldout,dev_combined_step_1,dev,combined,step,122.73647523219762,0.0,0.0,0.0,0.0,46.0,148.98881849440528,0,0,122.73647523219762
mpc_untuned,heldout,dev_combined_step_1,dev,combined,step,93.47916994365794,0.0,0.0,0.0,0.04600000000000004,0.0,44.48881849440528,0,0,98.07916994365794
mpc_tuned,heldout,dev_combined_step_1,dev,combined,step,50.348273147162445,0.0,0.0,0.0,0.16600000000000015,0.0,42.98881849440528,0,0,66.94827314716247
mpc_known_disturbance,heldout,dev_combined_step_1,dev,combined,step,50.9588271314217,0.0,0.0,0.0,0.17800000000000016,0.0,29.92265129848863,0,0,68.75882713142171
fixed_recipe,heldout,dev_combined_ramp_1,dev,combined,ramp,456.5941610693354,0.0,0.0,0.0,0.0,676.0,474.68217637231294,0,0,456.5941610693354
mpc_untuned,heldout,dev_combined_ramp_1,dev,combined,ramp,66.9213994490603,0.0,0.0,0.0,0.1130000000000001,194.0,0.0,0,0,78.22139944906031
mpc_tuned,heldout,dev_combined_ramp_1,dev,combined,ramp,9.542978196503068,0.0,0.0,0.0,0.16200000000000014,0.0,0.0,0,0,25.74297819650308
mpc_known_disturbance,heldout,dev_combined_ramp_1,dev,combined,ramp,12.748190052398567,0.0,0.0,0.0,0.2110000000000002,0.0,0.0,0,0,33.848190052398586
fixed_recipe,heldout,dev_combined_sine_1,dev,combined,sine,518.852763942085,52.0,0.0,0.0,0.0,57.0,498.4088227802638,0,0,622.852763942085
mpc_untuned,heldout,dev_combined_sine_1,dev,combined,sine,492.4360812262378,9.0,0.0,0.0,0.6400000000000005,117.0,498.4088227802638,0,0,574.4360812262378
mpc_tuned,heldout,dev_combined_sine_1,dev,combined,sine,368.487646796284,0.0,0.0,0.0,1.6540000000000008,305.0,498.4088227802638,0,0,533.8876467962841
mpc_known_disturbance,heldout,dev_combined_sine_1,dev,combined,sine,323.37991941617463,0.0,0.0,0.0,1.5410000000000008,280.0,498.4088227802638,0,0,477.4799194161747
fixed_recipe,heldout,nominal_target_up_2,nominal,nominal,none,219.05545383681283,0.0,115.0,0.0,0.22003947145875202,0.0,92.3683076922789,0,0,471.05940098268803
mpc_untuned,heldout,nominal_target_up_2,nominal,nominal,none,214.58397825159528,43.0,0.0,0.0,0.246,39.0,92.3683076922789,0,0,325.1839782515953
mpc_tuned,heldout,nominal_target_up_2,nominal,nominal,none,188.4765616775258,0.0,0.0,0.0,0.3940000000000001,20.0,89.8683076922789,0,0,227.8765616775258
mpc_known_disturbance,heldout,nominal_target_up_2,nominal,nominal,none,187.87563919150102,0.0,0.0,0.0,0.37500000000000006,20.0,90.8683076922789,0,0,225.37563919150102
fixed_recipe,heldout,nominal_target_down_2,nominal,nominal,none,154.4130127945762,0.0,0.0,0.0,0.15635524551628077,0.0,83.22707589919005,0,0,170.04853734620426
mpc_untuned,heldout,nominal_target_down_2,nominal,nominal,none,150.26440884172268,0.0,0.0,0.0,0.15500000000000003,0.0,80.22707589919005,0,0,165.76440884172268
mpc_tuned,heldout,nominal_target_down_2,nominal,nominal,none,133.28727755659713,0.0,0.0,0.0,0.28300000000000003,0.0,78.72707589919005,0,0,161.58727755659714
mpc_known_disturbance,heldout,nominal_target_down_2,nominal,nominal,none,135.11436562033896,0.0,0.0,0.0,0.28500000000000003,0.0,79.72707589919005,0,0,163.61436562033896
fixed_recipe,heldout,dev_feed_step_2,dev,feed,step,114.73222278041104,0.0,187.0,0.0,0.0,0.0,119.67577784663229,0,0,488.732222780411
mpc_untuned,heldout,dev_feed_step_2,dev,feed,step,104.77749240629272,0.0,0.0,0.0,0.019000000000000017,0.0,117.67577784663229,0,0,106.67749240629273
mpc_tuned,heldout,dev_feed_step_2,dev,feed,step,73.7194529925719,0.0,0.0,0.0,0.15000000000000013,0.0,117.67577784663229,0,0,88.71945299257192
mpc_known_disturbance,heldout,dev_feed_step_2,dev,feed,step,69.01379073366725,0.0,0.0,0.0,0.16700000000000015,0.0,112.67577784663229,0,0,85.71379073366727
fixed_recipe,heldout,dev_feed_ramp_2,dev,feed,ramp,151.80756618531427,0.0,694.0,0.0,0.0,100.0,386.09244192840646,0,0,1539.8075661853143
mpc_untuned,heldout,dev_feed_ramp_2,dev,feed,ramp,94.37453183814937,0.0,0.0,0.0,0.1170000000000001,0.0,0.0,0,0,106.07453183814937
mpc_tuned,heldout,dev_feed_ramp_2,dev,feed,ramp,54.19486563311652,0.0,0.0,0.0,0.15100000000000013,0.0,0.0,0,0,69.29486563311653
mpc_known_disturbance,heldout,dev_feed_ramp_2,dev,feed,ramp,45.57803062728355,0.0,0.0,0.0,0.12900000000000011,0.0,0.0,0,0,58.478030627283566
fixed_recipe,heldout,dev_feed_sine_2,dev,feed,sine,531.8642484648194,24.0,0.0,0.0,0.0,123.0,952.3344922157296,0,0,579.8642484648194
mpc_untuned,heldout,dev_feed_sine_2,dev,feed,sine,502.63478485579384,0.0,0.0,0.0,0.4420000000000004,136.0,952.3344922157296,0,0,546.8347848557938
mpc_tuned,heldout,dev_feed_sine_2,dev,feed,sine,336.59727342203104,0.0,0.0,0.0,1.8860000000000008,370.0,950.3344922157296,0,0,525.1972734220311
mpc_known_disturbance,heldout,dev_feed_sine_2,dev,feed,sine,295.639293120501,0.0,0.0,0.0,2.130000000000001,396.0,914.3344922157296,0,0,508.63929312050107
fixed_recipe,heldout,dev_pump_step_2,dev,pump,step,83.2455353494583,0.0,0.0,0.0,0.0,0.0,166.36328518026443,0,0,83.2455353494583
mpc_untuned,heldout,dev_pump_step_2,dev,pump,step,71.42841755362639,0.0,0.0,0.0,0.010000000000000009,0.0,0.0,0,0,72.42841755362639
mpc_tuned,heldout,dev_pump_step_2,dev,pump,step,31.930735738982936,0.0,0.0,0.0,0.15800000000000014,321.0,0.0,0,0,47.73073573898295
mpc_known_disturbance,heldout,dev_pump_step_2,dev,pump,step,25.37440840179447,0.0,0.0,0.0,0.07600000000000007,0.0,0.0,0,0,32.97440840179448
fixed_recipe,heldout,dev_pump_ramp_2,dev,pump,ramp,175.39447635205943,0.0,0.0,0.0,0.0,471.0,340.2352517821339,0,0,175.39447635205943
mpc_untuned,heldout,dev_pump_ramp_2,dev,pump,ramp,98.51207948286942,0.0,0.0,0.0,0.04500000000000004,0.0,266.2352517821339,0,0,103.01207948286942
mpc_tuned,heldout,dev_pump_ramp_2,dev,pump,ramp,36.31399424895638,0.0,0.0,0.0,0.26000000000000023,193.0,0.0,0,0,62.3139942489564
mpc_known_disturbance,heldout,dev_pump_ramp_2,dev,pump,ramp,18.318290846083674,0.0,0.0,0.0,0.13300000000000012,296.0,0.0,0,0,31.618290846083685
fixed_recipe,heldout,dev_pump_sine_2,dev,pump,sine,271.97302349838185,0.0,294.0,0.0,0.0,0.0,843.5772007291275,0,0,859.9730234983818
mpc_untuned,heldout,dev_pump_sine_2,dev,pump,sine,132.4781598019396,0.0,0.0,0.0,0.25800000000000023,0.0,0.0,0,0,158.2781598019396
mpc_tuned,heldout,dev_pump_sine_2,dev,pump,sine,69.55846046034617,0.0,0.0,0.0,0.48600000000000043,40.0,0.0,0,0,118.15846046034622
mpc_known_disturbance,heldout,dev_pump_sine_2,dev,pump,sine,46.540230380721084,0.0,0.0,0.0,0.5180000000000005,57.0,0.0,0,0,98.34023038072112
fixed_recipe,heldout,dev_split_step_2,dev,split,step,466.79645689285644,0.0,0.0,0.0,0.0,815.0,1009.4421790110899,0,0,466.79645689285644
mpc_untuned,heldout,dev_split_step_2,dev,split,step,118.06711485427479,0.0,0.0,0.0,0.09600000000000009,122.0,132.4421790110899,0,0,127.6671148542748
mpc_tuned,heldout,dev_split_step_2,dev,split,step,71.96861227578461,0.0,0.0,0.0,0.20800000000000018,12.0,105.4421790110899,0,0,92.76861227578462
mpc_known_disturbance,heldout,dev_split_step_2,dev,split,step,71.4967028364772,0.0,0.0,0.0,0.15800000000000014,0.0,66.4421790110899,0,0,87.29670283647721
fixed_recipe,heldout,dev_split_ramp_2,dev,split,ramp,44.65530103307064,0.0,0.0,0.0,0.0,0.0,0.0,0,0,44.65530103307064
mpc_untuned,heldout,dev_split_ramp_2,dev,split,ramp,46.60042239334098,0.0,0.0,0.0,0.0030000000000000027,0.0,0.0,0,0,46.900422393340975
mpc_tuned,heldout,dev_split_ramp_2,dev,split,ramp,33.41785055313349,0.0,0.0,0.0,0.09300000000000008,0.0,0.0,0,0,42.7178505531335
mpc_known_disturbance,heldout,dev_split_ramp_2,dev,split,ramp,26.76809016389921,0.0,0.0,0.0,0.10100000000000009,0.0,0.0,0,0,36.86809016389922
fixed_recipe,heldout,dev_split_sine_2,dev,split,sine,234.31989962373473,0.0,0.0,0.0,0.0,45.0,916.2700269192976,0,0,234.31989962373473
mpc_untuned,heldout,dev_split_sine_2,dev,split,sine,321.4977861728797,0.0,0.0,0.0,0.5380000000000005,24.0,916.2700269192976,0,0,375.2977861728798
mpc_tuned,heldout,dev_split_sine_2,dev,split,sine,262.1605401286778,0.0,0.0,0.0,0.4670000000000004,0.0,916.2700269192976,0,0,308.8605401286778
mpc_known_disturbance,heldout,dev_split_sine_2,dev,split,sine,213.62127944254698,0.0,0.0,0.0,0.4620000000000004,11.0,916.2700269192976,0,0,259.821279442547
fixed_recipe,heldout,dev_combined_step_2,dev,combined,step,274.355765095204,0.0,430.0,0.0,0.0,362.0,182.0171253551988,0,0,1134.3557650952039
mpc_untuned,heldout,dev_combined_step_2,dev,combined,step,101.59770925335297,0.0,0.0,0.0,0.09100000000000008,0.0,51.5171253551988,0,0,110.69770925335298
mpc_tuned,heldout,dev_combined_step_2,dev,combined,step,47.914538048589364,0.0,0.0,0.0,0.16600000000000015,239.0,0.0,0,0,64.51453804858937
mpc_known_disturbance,heldout,dev_combined_step_2,dev,combined,step,33.283488358759314,0.0,0.0,0.0,0.23100000000000015,278.0,0.0,0,0,56.38348835875933
fixed_recipe,heldout,dev_combined_ramp_2,dev,combined,ramp,36.99569936945411,0.0,0.0,0.0,0.0,0.0,0.0,0,0,36.99569936945411
mpc_untuned,heldout,dev_combined_ramp_2,dev,combined,ramp,36.99569936945411,0.0,0.0,0.0,0.0,0.0,0.0,0,0,36.99569936945411
mpc_tuned,heldout,dev_combined_ramp_2,dev,combined,ramp,25.783292193983222,0.0,0.0,0.0,0.08900000000000008,0.0,0.0,0,0,34.68329219398323
mpc_known_disturbance,heldout,dev_combined_ramp_2,dev,combined,ramp,22.137724592061485,0.0,0.0,0.0,0.006000000000000005,0.0,0.0,0,0,22.737724592061486
fixed_recipe,heldout,dev_combined_sine_2,dev,combined,sine,516.5220296229757,0.0,0.0,0.0,0.0,29.0,492.3098142214701,0,0,516.5220296229757
mpc_untuned,heldout,dev_combined_sine_2,dev,combined,sine,488.9351626631798,0.0,0.0,0.0,0.41600000000000037,29.0,492.3098142214701,0,0,530.5351626631799
mpc_tuned,heldout,dev_combined_sine_2,dev,combined,sine,334.90720653229664,0.0,0.0,0.0,1.7240000000000009,371.0,485.8098142214701,0,0,507.30720653229673
mpc_known_disturbance,heldout,dev_combined_sine_2,dev,combined,sine,272.30368847712623,0.0,0.0,0.0,1.877000000000001,384.0,374.8098142214701,0,0,460.00368847712633
fixed_recipe,beyond,beyond_feed_step_0,beyond,feed,step,267.97974007905015,142.0,798.0,0.0,0.0,91.0,366.8088302190405,0,0,2147.9797400790503
mpc_untuned,beyond,beyond_feed_step_0,beyond,feed,step,128.71261720689836,124.0,0.0,0.0,0.17900000000000016,20.0,114.80883021904049,0,0,394.6126172068984
mpc_tuned,beyond,beyond_feed_step_0,beyond,feed,step,86.8630367570924,121.0,0.0,0.0,0.41500000000000015,67.0,101.80883021904049,0,0,370.3630367570924
mpc_known_disturbance,beyond,beyond_feed_step_0,beyond,feed,step,549.5466545146286,100.0,0.0,0.0,0.6570000000000003,69.0,929.8088302190405,0,0,815.2466545146286
fixed_recipe,beyond,beyond_feed_ramp_0,beyond,feed,ramp,676.5928720702885,0.0,811.0,0.0,0.0,777.0,978.1423052788749,0,0,2298.5928720702886
mpc_untuned,beyond,beyond_feed_ramp_0,beyond,feed,ramp,491.46000606337293,547.0,323.0,0.0,0.2360000000000002,0.0,978.1423052788749,0,0,2255.060006063373
mpc_tuned,beyond,beyond_feed_ramp_0,beyond,feed,ramp,594.1546380777291,0.0,0.0,0.0,0.24600000000000022,0.0,978.1423052788749,0,0,618.7546380777292
mpc_known_disturbance,beyond,beyond_feed_ramp_0,beyond,feed,ramp,630.571696654539,0.0,0.0,0.0,0.25700000000000023,0.0,978.1423052788749,0,0,656.271696654539
fixed_recipe,beyond,beyond_feed_sine_0,beyond,feed,sine,1070.690095241163,0.0,139.0,0.0,0.0,400.0,972.4889726067954,0,0,1348.690095241163
mpc_untuned,beyond,beyond_feed_sine_0,beyond,feed,sine,905.0153403489466,89.0,0.0,0.0,1.016000000000001,153.0,948.4889726067954,0,0,1184.6153403489466
mpc_tuned,beyond,beyond_feed_sine_0,beyond,feed,sine,700.8193641010096,0.0,0.0,0.0,1.5920000000000007,24.0,972.4889726067954,0,0,860.0193641010096
mpc_known_disturbance,beyond,beyond_feed_sine_0,beyond,feed,sine,637.5627542668724,0.0,0.0,0.0,1.6430000000000011,48.0,941.4889726067954,0,0,801.8627542668726
fixed_recipe,beyond,beyond_pump_step_0,beyond,pump,step,1014.6384209211083,601.0,0.0,0.0,0.0,797.0,906.5599117745852,0,0,2216.6384209211083
mpc_untuned,beyond,beyond_pump_step_0,beyond,pump,step,627.9209410343444,0.0,385.0,0.0,0.09000000000000008,831.0,906.5599117745852,0,0,1406.9209410343444
mpc_tuned,beyond,beyond_pump_step_0,beyond,pump,step,302.47754776394675,0.0,495.0,0.0,0.30300000000000016,883.0,500.5599117745852,0,0,1322.7775477639468
mpc_known_disturbance,beyond,beyond_pump_step_0,beyond,pump,step,287.7084067605887,0.0,495.0,0.0,0.3280000000000001,880.0,500.5599117745852,0,0,1310.5084067605887
fixed_recipe,beyond,beyond_pump_ramp_0,beyond,pump,ramp,975.6448532104939,0.0,0.0,0.0,0.0,715.0,1049.7764874736745,0,0,975.6448532104939
mpc_untuned,beyond,beyond_pump_ramp_0,beyond,pump,ramp,134.75700197198992,415.0,0.0,0.0,0.1110000000000001,654.0,0.0,0,0,975.8570019719899
mpc_tuned,beyond,beyond_pump_ramp_0,beyond,pump,ramp,135.54244305276632,0.0,0.0,0.0,0.3300000000000003,535.0,0.0,0,0,168.54244305276634
mpc_known_disturbance,beyond,beyond_pump_ramp_0,beyond,pump,ramp,147.98588386982752,0.0,0.0,0.0,0.2290000000000002,680.0,0.0,0,0,170.88588386982752
fixed_recipe,beyond,beyond_pump_sine_0,beyond,pump,sine,353.77996090658206,0.0,230.0,0.0,0.0,23.0,877.2433394332264,0,0,813.7799609065821
mpc_untuned,beyond,beyond_pump_sine_0,beyond,pump,sine,209.92998342591693,0.0,0.0,0.0,0.7300000000000005,143.0,916.2433394332264,0,0,282.929983425917
mpc_tuned,beyond,beyond_pump_sine_0,beyond,pump,sine,124.10857168467894,0.0,0.0,0.0,1.2060000000000008,147.0,0.0,0,0,244.70857168467901
mpc_known_disturbance,beyond,beyond_pump_sine_0,beyond,pump,sine,75.07357269665937,0.0,0.0,0.0,0.9780000000000008,158.0,0.0,0,0,172.87357269665944
fixed_recipe,beyond,beyond_split_step_0,beyond,split,step,76.97215668306978,0.0,828.0,0.0,0.0,33.0,83.9552356516565,0,0,1732.97215668307
mpc_untuned,beyond,beyond_split_step_0,beyond,split,step,125.06586102319952,102.0,0.0,0.0,0.16700000000000012,0.0,150.9552356516565,0,0,345.76586102319953
mpc_tuned,beyond,beyond_split_step_0,beyond,split,step,61.344069766280114,0.0,0.0,0.0,0.19800000000000012,0.0,102.9552356516565,0,0,81.14406976628013
mpc_known_disturbance,beyond,beyond_split_step_0,beyond,split,step,45.172497446966865,0.0,0.0,0.0,0.19100000000000017,0.0,79.9552356516565,0,0,64.27249744696688
fixed_recipe,beyond,beyond_split_ramp_0,beyond,split,ramp,965.3946057959336,0.0,0.0,0.0,0.0,712.0,910.2804217887968,0,0,965.3946057959336
mpc_untuned,beyond,beyond_split_ramp_0,beyond,split,ramp,257.4497003532898,672.0,0.0,0.0,0.16800000000000015,533.0,910.2804217887968,0,0,1618.2497003532899
mpc_tuned,beyond,beyond_split_ramp_0,beyond,split,ramp,571.2826074491235,0.0,0.0,0.0,0.4260000000000003,0.0,910.2804217887968,0,0,613.8826074491235
mpc_known_disturbance,beyond,beyond_split_ramp_0,beyond,split,ramp,604.3796334583903,0.0,0.0,0.0,0.24300000000000022,0.0,910.2804217887968,0,0,628.6796334583904
fixed_recipe,beyond,beyond_split_sine_0,beyond,split,sine,557.7516849566965,204.0,200.0,0.0,0.0,361.0,941.6752787786824,0,0,1365.7516849566964
mpc_untuned,beyond,beyond_split_sine_0,beyond,split,sine,425.56856903201924,93.0,0.0,0.0,0.9080000000000007,45.0,941.6752787786824,0,0,702.3685690320193
mpc_tuned,beyond,beyond_split_sine_0,beyond,split,sine,317.2622527667572,0.0,0.0,0.0,0.8470000000000006,8.0,941.6752787786824,0,0,401.9622527667572
mpc_known_disturbance,beyond,beyond_split_sine_0,beyond,split,sine,305.85443263656225,0.0,0.0,0.0,1.132000000000001,0.0,941.6752787786824,0,0,419.05443263656235
fixed_recipe,beyond,beyond_combined_step_0,beyond,combined,step,2135.1420105209095,0.0,0.0,0.0,0.0,946.0,493.1244068676538,0,0,2135.1420105209095
mpc_untuned,beyond,beyond_combined_step_0,beyond,combined,step,1154.7785231792886,876.0,0.0,0.0,0.399,593.0,493.1244068676538,0,0,2946.6785231792887
mpc_tuned,beyond,beyond_combined_step_0,beyond,combined,step,2117.919492925475,0.0,0.0,0.0,0.8290000000000002,28.0,493.1244068676538,0,0,2200.819492925475
mpc_known_disturbance,beyond,beyond_combined_step_0,beyond,combined,step,2092.056569968637,0.0,0.0,0.0,0.5970000000000002,30.0,493.1244068676538,0,0,2151.756569968637
fixed_recipe,beyond,beyond_combined_ramp_0,beyond,combined,ramp,297.990704131185,0.0,0.0,0.0,0.0,230.0,297.6645637654808,0,0,297.990704131185
mpc_untuned,beyond,beyond_combined_ramp_0,beyond,combined,ramp,117.85012198147037,0.0,0.0,0.0,0.1200000000000001,16.0,71.6645637654808,0,0,129.85012198147038
mpc_tuned,beyond,beyond_combined_ramp_0,beyond,combined,ramp,77.89481727472014,0.0,0.0,0.0,0.15900000000000014,59.0,0.0,0,0,93.79481727472016
mpc_known_disturbance,beyond,beyond_combined_ramp_0,beyond,combined,ramp,44.84019803093648,0.0,0.0,0.0,0.3330000000000002,126.0,0.0,0,0,78.14019803093649
fixed_recipe,beyond,beyond_combined_sine_0,beyond,combined,sine,1050.8252640571293,235.0,136.0,0.0,0.0,567.0,509.7899167748622,0,0,1792.8252640571293
mpc_untuned,beyond,beyond_combined_sine_0,beyond,combined,sine,1173.4096894235822,149.0,0.0,0.0,2.4420000000000006,332.0,509.7899167748622,0,0,1715.6096894235823
mpc_tuned,beyond,beyond_combined_sine_0,beyond,combined,sine,821.7980263224924,0.0,0.0,0.0,3.641000000000001,195.0,471.7899167748622,0,0,1185.8980263224926
mpc_known_disturbance,beyond,beyond_combined_sine_0,beyond,combined,sine,657.6109004544633,106.0,0.0,0.0,3.4090000000000007,271.0,466.7899167748622,0,0,1210.5109004544634
fixed_recipe,beyond,beyond_feed_step_1,beyond,feed,step,2050.8181195932193,1009.0,0.0,0.0,0.0,1020.0,1041.885936319355,0,0,4068.8181195932193
mpc_untuned,beyond,beyond_feed_step_1,beyond,feed,step,554.6202336644352,1005.0,802.0,0.0,0.09900000000000009,1019.0,1041.885936319355,0,0,4178.520233664435
mpc_tuned,beyond,beyond_feed_step_1,beyond,feed,step,654.0563171043622,1003.0,0.0,0.0,0.14400000000000002,1029.0,1041.885936319355,0,0,2674.4563171043624
mpc_known_disturbance,beyond,beyond_feed_step_1,beyond,feed,step,630.9417501412531,1000.0,0.0,0.0,0.14200000000000002,1035.0,1041.885936319355,0,0,2645.141750141253
fixed_recipe,beyond,beyond_feed_ramp_1,beyond,feed,ramp,176.18635206215032,0.0,743.0,0.0,0.0,0.0,396.9199513961779,0,0,1662.1863520621503
mpc_untuned,beyond,beyond_feed_ramp_1,beyond,feed,ramp,132.85473738842362,0.0,0.0,0.0,0.05300000000000005,0.0,207.9199513961779,0,0,138.15473738842363
mpc_tuned,beyond,beyond_feed_ramp_1,beyond,feed,ramp,113.43035475480264,0.0,0.0,0.0,0.1170000000000001,0.0,220.9199513961779,0,0,125.13035475480265
mpc_known_disturbance,beyond,beyond_feed_ramp_1,beyond,feed,ramp,107.41688232098586,0.0,0.0,0.0,0.15100000000000013,0.0,0.0,0,0,122.51688232098587
fixed_recipe,beyond,beyond_feed_sine_1,beyond,feed,sine,994.0032140453543,0.0,158.0,0.0,0.0,392.0,922.5809383215694,0,0,1310.0032140453543
mpc_untuned,beyond,beyond_feed_sine_1,beyond,feed,sine,849.1846146735706,95.0,0.0,0.0,1.0400000000000007,160.0,922.5809383215694,0,0,1143.1846146735706
mpc_tuned,beyond,beyond_feed_sine_1,beyond,feed,sine,646.7467524775426,0.0,0.0,0.0,1.7270000000000008,53.0,922.5809383215694,0,0,819.4467524775426
mpc_known_disturbance,beyond,beyond_feed_sine_1,beyond,feed,sine,586.3490787969317,0.0,0.0,0.0,1.6460000000000008,25.0,922.5809383215694,0,0,750.9490787969319
fixed_recipe,beyond,beyond_pump_step_1,beyond,pump,step,690.0860569572758,0.0,0.0,0.0,0.0,840.0,968.2525977812994,0,0,690.0860569572758
mpc_untuned,beyond,beyond_pump_step_1,beyond,pump,step,176.3467650639293,0.0,252.0,0.0,0.05500000000000005,845.0,157.2525977812994,0,0,685.8467650639293
mpc_tuned,beyond,beyond_pump_step_1,beyond,pump,step,143.56385964152975,0.0,0.0,0.0,0.09800000000000009,930.0,0.0,0,0,153.36385964152976
mpc_known_disturbance,beyond,beyond_pump_step_1,beyond,pump,step,129.46454412727059,0.0,0.0,0.0,0.132,959.0,0.0,0,0,142.66454412727057
fixed_recipe,beyond,beyond_pump_ramp_1,beyond,pump,ramp,589.8330731611827,0.0,0.0,0.0,0.0,650.0,961.5449569831187,0,0,589.8330731611827
mpc_untuned,beyond,beyond_pump_ramp_1,beyond,pump,ramp,260.8827757810892,0.0,290.0,0.0,0.05400000000000005,593.0,961.5449569831187,0,0,846.2827757810892
mpc_tuned,beyond,beyond_pump_ramp_1,beyond,pump,ramp,197.37576992189375,0.0,0.0,0.0,0.10200000000000009,734.0,961.5449569831187,0,0,207.57576992189377
mpc_known_disturbance,beyond,beyond_pump_ramp_1,beyond,pump,ramp,183.0482177509725,0.0,0.0,0.0,0.13900000000000012,690.0,961.5449569831187,0,0,196.9482177509725
fixed_recipe,beyond,beyond_pump_sine_1,beyond,pump,sine,395.41624467896304,0.0,252.0,0.0,0.0,51.0,966.7893851302366,0,0,899.416244678963
mpc_untuned,beyond,beyond_pump_sine_1,beyond,pump,sine,237.02563184606913,0.0,0.0,0.0,0.8970000000000007,210.0,966.7893851302366,0,0,326.7256318460692
mpc_tuned,beyond,beyond_pump_sine_1,beyond,pump,sine,130.53310345142708,0.0,0.0,0.0,1.4720000000000009,227.0,0.0,0,0,277.73310345142716
mpc_known_disturbance,beyond,beyond_pump_sine_1,beyond,pump,sine,91.71784129194677,0.0,0.0,0.0,1.203000000000001,193.0,0.0,0,0,212.01784129194687
fixed_recipe,beyond,beyond_split_step_1,beyond,split,step,1521.830386260916,867.0,0.0,0.0,0.0,897.0,969.5632611645283,0,0,3255.830386260916
mpc_untuned,beyond,beyond_split_step_1,beyond,split,step,587.3731810497453,795.0,0.0,0.0,0.28700000000000014,859.0,969.5632611645283,0,0,2206.0731810497455
mpc_tuned,beyond,beyond_split_step_1,beyond,split,step,349.81744469536903,782.0,0.0,0.0,3.33,151.0,969.5632611645283,0,0,2246.817444695369
mpc_known_disturbance,beyond,beyond_split_step_1,beyond,split,step,46.09504936391886,852.0,0.0,0.0,0.39400000000000024,0.0,51.563261164528285,0,0,1789.495049363919
fixed_recipe,beyond,beyond_split_ramp_1,beyond,split,ramp,69.44322219008825,0.0,741.0,0.0,0.0,0.0,0.0,0,0,1551.4432221900884
mpc_untuned,beyond,beyond_split_ramp_1,beyond,split,ramp,70.87728945003066,0.0,0.0,0.0,0.13000000000000012,0.0,0.0,0,0,83.87728945003067
mpc_tuned,beyond,beyond_split_ramp_1,beyond,split,ramp,45.30346077347575,0.0,0.0,0.0,0.12900000000000011,0.0,0.0,0,0,58.20346077347576
mpc_known_disturbance,beyond,beyond_split_ramp_1,beyond,split,ramp,36.28088714988586,0.0,0.0,0.0,0.14200000000000013,0.0,0.0,0,0,50.480887149885874
fixed_recipe,beyond,beyond_split_sine_1,beyond,split,sine,674.7348393553948,250.0,245.0,0.0,0.0,275.0,912.5818130346055,0,0,1664.7348393553948
mpc_untuned,beyond,beyond_split_sine_1,beyond,split,sine,503.00955744128686,26.0,29.0,0.0,0.7890000000000006,275.0,893.5818130346055,0,0,691.9095574412869
mpc_tuned,beyond,beyond_split_sine_1,beyond,split,sine,368.1601074507082,0.0,0.0,0.0,1.5760000000000005,353.0,882.5818130346055,0,0,525.7601074507082
mpc_known_disturbance,beyond,beyond_split_sine_1,beyond,split,sine,353.1454804570191,0.0,0.0,0.0,1.5970000000000006,364.0,883.5818130346055,0,0,512.8454804570192
fixed_recipe,beyond,beyond_combined_step_1,beyond,combined,step,2946.3716889546668,887.0,0.0,0.0,0.0,897.0,484.4583946666456,0,0,4720.371688954667
mpc_untuned,beyond,beyond_combined_step_1,beyond,combined,step,523.1496769241304,880.0,0.0,0.0,0.197,889.0,484.4583946666456,0,0,2302.8496769241306
mpc_tuned,beyond,beyond_combined_step_1,beyond,combined,step,526.6721682483607,879.0,0.0,0.0,0.307,899.0,484.4583946666456,0,0,2315.3721682483606
mpc_known_disturbance,beyond,beyond_combined_step_1,beyond,combined,step,515.2172880530401,877.0,0.0,0.0,0.20800000000000002,889.0,484.4583946666456,0,0,2290.01728805304
fixed_recipe,beyond,beyond_combined_ramp_1,beyond,combined,ramp,184.72414321840873,0.0,0.0,0.0,0.0,0.0,137.6007590670511,0,0,184.72414321840873
mpc_untuned,beyond,beyond_combined_ramp_1,beyond,combined,ramp,172.7887311134852,0.0,0.0,0.0,0.006000000000000005,0.0,135.6007590670511,0,0,173.3887311134852
mpc_tuned,beyond,beyond_combined_ramp_1,beyond,combined,ramp,96.67653302718509,0.0,0.0,0.0,0.1280000000000001,0.0,114.10075906705109,0,0,109.4765330271851
mpc_known_disturbance,beyond,beyond_combined_ramp_1,beyond,combined,ramp,77.34785999731014,0.0,0.0,0.0,0.12200000000000011,0.0,92.60075906705109,0,0,89.54785999731016
fixed_recipe,beyond,beyond_combined_sine_1,beyond,combined,sine,714.9031862567714,232.0,232.0,0.0,0.0,327.0,518.4890357005921,0,0,1642.9031862567713
mpc_untuned,beyond,beyond_combined_sine_1,beyond,combined,sine,531.1500490446156,177.0,78.0,0.0,0.6040000000000005,322.0,518.4890357005921,0,0,1101.5500490446157
mpc_tuned,beyond,beyond_combined_sine_1,beyond,combined,sine,358.17964007359626,0.0,49.0,0.0,1.8880000000000006,343.0,511.9890357005921,0,0,644.9796400735963
mpc_known_disturbance,beyond,beyond_combined_sine_1,beyond,combined,sine,309.2819193937121,0.0,0.0,0.0,1.6280000000000006,352.0,512.9890357005921,0,0,472.08191939371216
fixed_recipe,beyond,beyond_feed_step_2,beyond,feed,step,269.2621317859902,143.0,896.0,0.0,0.0,92.0,364.9403538850148,0,0,2347.2621317859903
mpc_untuned,beyond,beyond_feed_step_2,beyond,feed,step,148.80397879768884,125.0,0.0,0.0,0.16800000000000015,21.0,115.94035388501482,0,0,415.60397879768885
mpc_tuned,beyond,beyond_feed_step_2,beyond,feed,step,94.53562804598896,121.0,0.0,0.0,0.4720000000000002,75.0,101.94035388501482,0,0,383.73562804598896
mpc_known_disturbance,beyond,beyond_feed_step_2,beyond,feed,step,70.7637953650278,88.0,0.0,0.0,0.6010000000000002,85.0,76.94035388501482,0,0,306.86379536502784
fixed_recipe,beyond,beyond_feed_ramp_2,beyond,feed,ramp,178.06462422585255,0.0,691.0,0.0,0.0,0.0,424.5525323404129,0,0,1560.0646242258526
mpc_untuned,beyond,beyond_feed_ramp_2,beyond,feed,ramp,134.85653841373437,0.0,0.0,0.0,0.05300000000000005,0.0,204.55253234041288,0,0,140.15653841373438
mpc_tuned,beyond,beyond_feed_ramp_2,beyond,feed,ramp,115.38372373711057,0.0,0.0,0.0,0.14400000000000013,0.0,205.55253234041288,0,0,129.7837237371106
mpc_known_disturbance,beyond,beyond_feed_ramp_2,beyond,feed,ramp,106.97670673738591,0.0,0.0,0.0,0.14700000000000013,0.0,0.0,0,0,121.67670673738593
fixed_recipe,beyond,beyond_feed_sine_2,beyond,feed,sine,1400.1706188208425,610.0,65.0,0.0,0.0,474.0,917.2927526271887,0,0,2750.1706188208427
mpc_untuned,beyond,beyond_feed_sine_2,beyond,feed,sine,1295.9086568264825,573.0,13.0,0.0,2.3050000000000006,410.0,917.2927526271887,0,0,2698.4086568264825
mpc_tuned,beyond,beyond_feed_sine_2,beyond,feed,sine,1071.7531624962262,508.0,0.0,0.0,3.857,700.0,917.2927526271887,0,0,2473.4531624962265
mpc_known_disturbance,beyond,beyond_feed_sine_2,beyond,feed,sine,980.8683289988796,488.0,0.0,0.0,3.779,691.0,917.2927526271887,0,0,2334.7683289988795
fixed_recipe,beyond,beyond_pump_step_2,beyond,pump,step,882.7613767739142,0.0,0.0,0.0,0.0,802.0,917.8199206911762,0,0,882.7613767739142
mpc_untuned,beyond,beyond_pump_step_2,beyond,pump,step,434.1583490506372,0.0,743.0,0.0,0.07300000000000006,830.0,917.8199206911762,0,0,1927.4583490506373
mpc_tuned,beyond,beyond_pump_step_2,beyond,pump,step,464.60876978638953,0.0,0.0,0.0,0.11600000000000005,898.0,917.8199206911762,0,0,476.20876978638955
mpc_known_disturbance,beyond,beyond_pump_step_2,beyond,pump,step,450.46907089127467,0.0,0.0,0.0,0.14400000000000002,909.0,917.8199206911762,0,0,464.86907089127465
fixed_recipe,beyond,beyond_pump_ramp_2,beyond,pump,ramp,777.1584454371532,335.0,0.0,0.0,0.0,636.0,909.3553447909632,0,0,1447.1584454371532
mpc_untuned,beyond,beyond_pump_ramp_2,beyond,pump,ramp,500.01068233810906,0.0,543.0,0.0,0.06000000000000005,604.0,909.3553447909632,0,0,1592.010682338109
mpc_tuned,beyond,beyond_pump_ramp_2,beyond,pump,ramp,246.8166438839286,0.0,314.0,0.0,0.1800000000000001,736.0,688.3553447909632,0,0,892.8166438839286
mpc_known_disturbance,beyond,beyond_pump_ramp_2,beyond,pump,ramp,251.40255899792487,0.0,305.0,0.0,0.14600000000000007,706.0,697.3553447909632,0,0,876.0025589979249
fixed_recipe,beyond,beyond_pump_sine_2,beyond,pump,sine,394.6101253636682,0.0,0.0,0.0,0.0,0.0,979.6447114121166,0,0,394.6101253636682
mpc_untuned,beyond,beyond_pump_sine_2,beyond,pump,sine,302.4831547552406,0.0,0.0,0.0,0.3460000000000003,0.0,961.6447114121166,0,0,337.0831547552406
mpc_tuned,beyond,beyond_pump_sine_2,beyond,pump,sine,134.64781956051988,0.0,0.0,0.0,1.3060000000000007,226.0,0.0,0,0,265.24781956051993
mpc_known_disturbance,beyond,beyond_pump_sine_2,beyond,pump,sine,89.29537096945626,0.0,0.0,0.0,1.2310000000000008,202.0,0.0,0,0,212.39537096945634
fixed_recipe,beyond,beyond_split_step_2,beyond,split,step,90.65643102291986,0.0,901.0,0.0,0.0,55.0,93.22672147479554,0,0,1892.6564310229198
mpc_untuned,beyond,beyond_split_step_2,beyond,split,step,162.14188020277146,140.0,0.0,0.0,0.20300000000000015,0.0,206.22672147479554,0,0,462.4418802027715
mpc_tuned,beyond,beyond_split_step_2,beyond,split,step,301.72169096498664,0.0,0.0,0.0,0.22400000000000014,0.0,541.2267214747956,0,0,324.12169096498667
mpc_known_disturbance,beyond,beyond_split_step_2,beyond,split,step,57.762504400793034,0.0,0.0,0.0,0.2310000000000002,0.0,103.22672147479554,0,0,80.86250440079306
fixed_recipe,beyond,beyond_split_ramp_2,beyond,split,ramp,790.5831993395634,0.0,0.0,0.0,0.0,706.0,935.2034536848454,0,0,790.5831993395634
mpc_untuned,beyond,beyond_split_ramp_2,beyond,split,ramp,139.69889497020853,463.0,0.0,0.0,0.17000000000000015,402.0,0.0,0,0,1082.6988949702086
mpc_tuned,beyond,beyond_split_ramp_2,beyond,split,ramp,316.0508146407325,0.0,0.0,0.0,0.4510000000000003,0.0,935.2034536848454,0,0,361.1508146407325
mpc_known_disturbance,beyond,beyond_split_ramp_2,beyond,split,ramp,441.65324869101266,0.0,0.0,0.0,0.19900000000000018,0.0,935.2034536848454,0,0,461.5532486910127
fixed_recipe,beyond,beyond_split_sine_2,beyond,split,sine,379.99680249085577,0.0,126.0,0.0,0.0,190.0,908.445326370191,0,0,631.9968024908558
mpc_untuned,beyond,beyond_split_sine_2,beyond,split,sine,419.6726492374101,79.0,0.0,0.0,0.7490000000000006,5.0,983.445326370191,0,0,652.5726492374101
mpc_tuned,beyond,beyond_split_sine_2,beyond,split,sine,323.43459093070885,0.0,0.0,0.0,0.7980000000000007,52.0,983.445326370191,0,0,403.2345909307089
mpc_known_disturbance,beyond,beyond_split_sine_2,beyond,split,sine,261.4874146247553,0.0,0.0,0.0,0.7190000000000006,13.0,983.445326370191,0,0,333.38741462475537
fixed_recipe,beyond,beyond_combined_step_2,beyond,combined,step,557.422345826255,0.0,830.0,0.0,0.0,409.0,238.26768227067097,0,0,2217.422345826255
mpc_untuned,beyond,beyond_combined_step_2,beyond,combined,step,1294.0645333858156,0.0,373.0,0.0,0.14900000000000008,861.0,459.267682270671,0,0,2054.9645333858157
mpc_tuned,beyond,beyond_combined_step_2,beyond,combined,step,1334.2366774733198,0.0,0.0,0.0,0.18000000000000005,900.0,459.267682270671,0,0,1352.2366774733198
mpc_known_disturbance,beyond,beyond_combined_step_2,beyond,combined,step,1329.4880640135734,0.0,0.0,0.0,0.17400000000000002,896.0,459.267682270671,0,0,1346.8880640135735
fixed_recipe,beyond,beyond_combined_ramp_2,beyond,combined,ramp,736.0267548611577,0.0,0.0,0.0,0.0,779.0,474.79235953341504,0,0,736.0267548611577
mpc_untuned,beyond,beyond_combined_ramp_2,beyond,combined,ramp,531.0382642405409,0.0,0.0,0.0,0.07200000000000006,741.0,474.79235953341504,0,0,538.238264240541
mpc_tuned,beyond,beyond_combined_ramp_2,beyond,combined,ramp,400.38467538614145,0.0,0.0,0.0,0.1060000000000001,696.0,474.79235953341504,0,0,410.9846753861415
mpc_known_disturbance,beyond,beyond_combined_ramp_2,beyond,combined,ramp,377.599390169333,0.0,0.0,0.0,0.1070000000000001,741.0,474.79235953341504,0,0,388.299390169333
fixed_recipe,beyond,beyond_combined_sine_2,beyond,combined,sine,713.6044184396758,0.0,146.0,0.0,0.0,316.0,452.8166713987537,0,0,1005.6044184396758
mpc_untuned,beyond,beyond_combined_sine_2,beyond,combined,sine,631.6208903771885,0.0,0.0,0.0,0.7850000000000006,134.0,416.3166713987537,0,0,710.1208903771885
mpc_tuned,beyond,beyond_combined_sine_2,beyond,combined,sine,455.6728731722053,0.0,0.0,0.0,1.1440000000000008,216.0,393.3166713987537,0,0,570.0728731722054
mpc_known_disturbance,beyond,beyond_combined_sine_2,beyond,combined,sine,444.5924261725091,0.0,0.0,0.0,1.2910000000000008,214.0,398.8166713987537,0,0,573.6924261725092
