run,battery,scenario,score
window50_default,dev,nominal_target_up_0,229.9658307846773
window50_default,dev,nominal_target_down_0,290.82143278506084
window50_default,dev,dev_feed_step_0,149.6922314310628
window50_default,dev,dev_feed_ramp_0,106.83453701490998
window50_default,dev,dev_feed_sine_0,314.24325383190154
window50_default,dev,dev_pump_step_0,155.09262897123872
window50_default,dev,dev_pump_ramp_0,394.5452756383777
window50_default,dev,dev_pump_sine_0,541.6737466268314
window50_default,dev,dev_split_step_0,238.63744345631912
window50_default,dev,dev_split_ramp_0,188.55103341028416
window50_default,dev,dev_split_sine_0,108.99147499366099
window50_default,dev,dev_combined_step_0,134.04093839020365
window50_default,dev,dev_combined_ramp_0,295.98633876025036
window50_default,dev,dev_combined_sine_0,538.6627758239432
window50_default,dev,nominal_target_up_1,300.27137263209386
window50_default,dev,nominal_target_down_1,251.38626762394267
window50_default,dev,dev_feed_step_1,92.37797682408889
window50_default,dev,dev_feed_ramp_1,88.12793726129266
window50_default,dev,dev_feed_sine_1,1019.6305006132824
window50_default,dev,dev_pump_step_1,101.06006780403112
window50_default,dev,dev_pump_ramp_1,344.7332672449543
window50_default,dev,dev_pump_sine_1,93.58529110324422
window50_default,dev,dev_split_step_1,87.54947243268082
window50_default,dev,dev_split_ramp_1,77.66236358954706
window50_default,dev,dev_split_sine_1,186.55536625207168
window50_default,dev,dev_combined_step_1,110.49383657464323
window50_default,dev,dev_combined_ramp_1,424.1354039104824
window50_default,dev,dev_combined_sine_1,571.3983246513258
window50_default,dev,nominal_target_up_2,247.88649372087838
window50_default,dev,nominal_target_down_2,406.26585540813215
window50_default,dev,dev_feed_step_2,186.04594408203457
window50_default,dev,dev_feed_ramp_2,596.874855935143
window50_default,dev,dev_feed_sine_2,1628.0900267851603
window50_default,dev,dev_pump_step_2,57.2594132097148
window50_default,dev,dev_pump_ramp_2,275.024995536589
window50_default,dev,dev_pump_sine_2,181.53266387803
window50_default,dev,dev_split_step_2,112.47579152815749
window50_default,dev,dev_split_ramp_2,118.95877034671206
window50_default,dev,dev_split_sine_2,391.5445813780128
window50_default,dev,dev_combined_step_2,321.69415441752307
window50_default,dev,dev_combined_ramp_2,192.75819743561976
window50_default,dev,dev_combined_sine_2,300.05485316383226
window50_default,heldout,nominal_target_up_0,326.87851490166605
window50_default,heldout,nominal_target_down_0,362.58062529046197
window50_default,heldout,dev_feed_step_0,92.71373570167778
window50_default,heldout,dev_feed_ramp_0,113.72450135539354
window50_default,heldout,dev_feed_sine_0,594.4929512271763
window50_default,heldout,dev_pump_step_0,246.3438138892298
window50_default,heldout,dev_pump_ramp_0,514.0606230622411
window50_default,heldout,dev_pump_sine_0,221.1413252243209
window50_default,heldout,dev_split_step_0,269.264148113039
window50_default,heldout,dev_split_ramp_0,321.1043331560186
window50_default,heldout,dev_split_sine_0,132.1061316668716
window50_default,heldout,dev_combined_step_0,178.52187407384747
window50_default,heldout,dev_combined_ramp_0,103.2044475524564
window50_default,heldout,dev_combined_sine_0,678.5651140079907
window50_default,heldout,nominal_target_up_1,214.7180016044279
window50_default,heldout,nominal_target_down_1,372.0652515454666
window50_default,heldout,dev_feed_step_1,136.2108386844387
window50_default,heldout,dev_feed_ramp_1,106.73480258978367
window50_default,heldout,dev_feed_sine_1,384.5073904297615
window50_default,heldout,dev_pump_step_1,72.70499851108657
window50_default,heldout,dev_pump_ramp_1,84.51465260440379
window50_default,heldout,dev_pump_sine_1,84.81183599583196
window50_default,heldout,dev_split_step_1,217.40137382220456
window50_default,heldout,dev_split_ramp_1,85.5333493755003
window50_default,heldout,dev_split_sine_1,382.2251320285434
window50_default,heldout,dev_combined_step_1,261.32673986779366
window50_default,heldout,dev_combined_ramp_1,572.181500870852
window50_default,heldout,dev_combined_sine_1,611.8086274234286
window50_default,heldout,nominal_target_up_2,302.1996336849889
window50_default,heldout,nominal_target_down_2,254.1069214439075
window50_default,heldout,dev_feed_step_2,117.02510124193016
window50_default,heldout,dev_feed_ramp_2,161.844926748586
window50_default,heldout,dev_feed_sine_2,577.3430138103779
window50_default,heldout,dev_pump_step_2,119.7560012375775
window50_default,heldout,dev_pump_ramp_2,226.89960196975153
window50_default,heldout,dev_pump_sine_2,560.9823727917935
window50_default,heldout,dev_split_step_2,486.2380126929813
window50_default,heldout,dev_split_ramp_2,126.50257146881955
window50_default,heldout,dev_split_sine_2,247.89987385932255
window50_default,heldout,dev_combined_step_2,349.15303317130235
window50_default,heldout,dev_combined_ramp_2,85.99154698221962
window50_default,heldout,dev_combined_sine_2,517.4988393054804
window50_default,beyond,beyond_feed_step_0,553.6528184666281
window50_default,beyond,beyond_feed_ramp_0,1802.8432646107767
window50_default,beyond,beyond_feed_sine_0,888.8798314084277
window50_default,beyond,beyond_pump_step_0,2722.743393543911
window50_default,beyond,beyond_pump_ramp_0,1113.5433800007215
window50_default,beyond,beyond_pump_sine_0,778.874182463954
window50_default,beyond,beyond_split_step_0,285.9786971712026
window50_default,beyond,beyond_split_ramp_0,771.9338878933869
window50_default,beyond,beyond_split_sine_0,629.3732736239383
window50_default,beyond,beyond_combined_step_0,2751.65995068627
window50_default,beyond,beyond_combined_ramp_0,406.2446144534901
window50_default,beyond,beyond_combined_sine_0,1251.3452803914138
window50_default,beyond,beyond_feed_step_1,3461.218274054988
window50_default,beyond,beyond_feed_ramp_1,317.69365515263263
window50_default,beyond,beyond_feed_sine_1,800.1928062702615
window50_default,beyond,beyond_pump_step_1,885.5214127618847
window50_default,beyond,beyond_pump_ramp_1,772.852220550701
window50_default,beyond,beyond_pump_sine_1,892.5761624111864
window50_default,beyond,beyond_split_step_1,3005.217554219024
window50_default,beyond,beyond_split_ramp_1,116.33739260689782
window50_default,beyond,beyond_split_sine_1,1438.90005808499
window50_default,beyond,beyond_combined_step_1,4168.1105747668735
window50_default,beyond,beyond_combined_ramp_1,263.3301010247638
window50_default,beyond,beyond_combined_sine_1,1202.7695448269956
window50_default,beyond,beyond_feed_step_2,558.5269357773036
window50_default,beyond,beyond_feed_ramp_2,338.2423068241392
window50_default,beyond,beyond_feed_sine_2,3087.1186336181254
window50_default,beyond,beyond_pump_step_2,1169.4686898636276
window50_default,beyond,beyond_pump_ramp_2,1920.9925667783016
window50_default,beyond,beyond_pump_sine_2,423.5975938254028
window50_default,beyond,beyond_split_step_2,381.48836744994645
window50_default,beyond,beyond_split_ramp_2,680.957143552149
window50_default,beyond,beyond_split_sine_2,266.9828320235039
window50_default,beyond,beyond_combined_step_2,1596.3248516725102
window50_default,beyond,beyond_combined_ramp_2,946.4702339192227
window50_default,beyond,beyond_combined_sine_2,665.7836530528343
window50_run1,dev,nominal_target_up_0,214.56777180855883
window50_run1,dev,nominal_target_down_0,283.9027126901084
window50_run1,dev,dev_feed_step_0,1192.1833636667084
window50_run1,dev,dev_feed_ramp_0,107.86391290600511
window50_run1,dev,dev_feed_sine_0,315.57298049119305
window50_run1,dev,dev_pump_step_0,156.3317812268411
window50_run1,dev,dev_pump_ramp_0,365.98836036405487
window50_run1,dev,dev_pump_sine_0,442.7486332443632
window50_run1,dev,dev_split_step_0,225.6740424388031
window50_run1,dev,dev_split_ramp_0,176.75127838387013
window50_run1,dev,dev_split_sine_0,117.67956275951532
window50_run1,dev,dev_combined_step_0,148.60844406716342
window50_run1,dev,dev_combined_ramp_0,278.4174875757296
window50_run1,dev,dev_combined_sine_0,444.3586830327386
window50_run1,dev,nominal_target_up_1,320.86673312569536
window50_run1,dev,nominal_target_down_1,245.55650869746358
window50_run1,dev,dev_feed_step_1,85.89811363617079
window50_run1,dev,dev_feed_ramp_1,92.63997511434499
window50_run1,dev,dev_feed_sine_1,838.0517161750536
window50_run1,dev,dev_pump_step_1,101.060067804032
window50_run1,dev,dev_pump_ramp_1,338.25555036589066
window50_run1,dev,dev_pump_sine_1,137.75031060819322
window50_run1,dev,dev_split_step_1,66.47702592422287
window50_run1,dev,dev_split_ramp_1,65.36212106361657
window50_run1,dev,dev_split_sine_1,199.83958399084707
window50_run1,dev,dev_combined_step_1,112.85622663766286
window50_run1,dev,dev_combined_ramp_1,363.07293860746137
window50_run1,dev,dev_combined_sine_1,621.697690028432
window50_run1,dev,nominal_target_up_2,231.84959911465143
window50_run1,dev,nominal_target_down_2,396.88431519480076
window50_run1,dev,dev_feed_step_2,1536.665328985741
window50_run1,dev,dev_feed_ramp_2,484.03891066018247
window50_run1,dev,dev_feed_sine_2,1485.047996801586
window50_run1,dev,dev_pump_step_2,57.2594132097154
window50_run1,dev,dev_pump_ramp_2,275.0249955365906
window50_run1,dev,dev_pump_sine_2,230.35389980261752
window50_run1,dev,dev_split_step_2,93.51095966232253
window50_run1,dev,dev_split_ramp_2,118.95877034671197
window50_run1,dev,dev_split_sine_2,380.6048289067366
window50_run1,dev,dev_combined_step_2,1001.4856140951401
window50_run1,dev,dev_combined_ramp_2,137.19086929533813
window50_run1,dev,dev_combined_sine_2,296.4851677470305
window50_run1,heldout,nominal_target_up_0,358.31282599720134
window50_run1,heldout,nominal_target_down_0,354.32399340536665
window50_run1,heldout,dev_feed_step_0,85.91214619724548
window50_run1,heldout,dev_feed_ramp_0,128.57169565854767
window50_run1,heldout,dev_feed_sine_0,558.5342921461983
window50_run1,heldout,dev_pump_step_0,246.34381388923003
window50_run1,heldout,dev_pump_ramp_0,444.99500321432146
window50_run1,heldout,dev_pump_sine_0,221.14132522432067
window50_run1,heldout,dev_split_step_0,229.967041711823
window50_run1,heldout,dev_split_ramp_0,253.95542142245154
window50_run1,heldout,dev_split_sine_0,154.56732509106098
window50_run1,heldout,dev_combined_step_0,194.8648927984862
window50_run1,heldout,dev_combined_ramp_0,103.20444755245738
window50_run1,heldout,dev_combined_sine_0,653.2751574130777
window50_run1,heldout,nominal_target_up_1,202.59324111363443
window50_run1,heldout,nominal_target_down_1,363.59565337288836
window50_run1,heldout,dev_feed_step_1,157.04791727915975
window50_run1,heldout,dev_feed_ramp_1,116.0188038755593
window50_run1,heldout,dev_feed_sine_1,319.9768353598611
window50_run1,heldout,dev_pump_step_1,72.70499851108742
window50_run1,heldout,dev_pump_ramp_1,84.51465260440392
window50_run1,heldout,dev_pump_sine_1,126.88297051501793
window50_run1,heldout,dev_split_step_1,205.19652102537503
window50_run1,heldout,dev_split_ramp_1,82.02310378111683
window50_run1,heldout,dev_split_sine_1,376.4004957768502
window50_run1,heldout,dev_combined_step_1,248.02499633394086
window50_run1,heldout,dev_combined_ramp_1,482.2845063151287
window50_run1,heldout,dev_combined_sine_1,610.9375463181785
window50_run1,heldout,nominal_target_up_2,317.59650198284885
window50_run1,heldout,nominal_target_down_2,248.05282354160062
window50_run1,heldout,dev_feed_step_2,109.03011901208014
window50_run1,heldout,dev_feed_ramp_2,1159.3079935411681
window50_run1,heldout,dev_feed_sine_2,546.2224864262665
window50_run1,heldout,dev_pump_step_2,119.756001237578
window50_run1,heldout,dev_pump_ramp_2,183.33598894878534
window50_run1,heldout,dev_pump_sine_2,423.05205594529735
window50_run1,heldout,dev_split_step_2,368.2963782742262
window50_run1,heldout,dev_split_ramp_2,124.31164243161341
window50_run1,heldout,dev_split_sine_2,238.04386795543851
window50_run1,heldout,dev_combined_step_2,340.4882828240972
window50_run1,heldout,dev_combined_ramp_2,81.61793688756667
window50_run1,heldout,dev_combined_sine_2,507.534307828677
window50_run1,beyond,beyond_feed_step_0,995.0435011251462
window50_run1,beyond,beyond_feed_ramp_0,1701.567154031297
window50_run1,beyond,beyond_feed_sine_0,1073.395816806836
window50_run1,beyond,beyond_pump_step_0,2169.363756146581
window50_run1,beyond,beyond_pump_ramp_0,1003.09323844804
window50_run1,beyond,beyond_pump_sine_0,563.6969404227307
window50_run1,beyond,beyond_split_step_0,1276.3959138034413
window50_run1,beyond,beyond_split_ramp_0,828.683050081413
window50_run1,beyond,beyond_split_sine_0,494.8224828103438
window50_run1,beyond,beyond_combined_step_0,1969.727093553921
window50_run1,beyond,beyond_combined_ramp_0,361.1535288649224
window50_run1,beyond,beyond_combined_sine_0,1133.888422513895
window50_run1,beyond,beyond_feed_step_1,3827.190998060849
window50_run1,beyond,beyond_feed_ramp_1,689.8846386192536
window50_run1,beyond,beyond_feed_sine_1,1071.1059715083513
window50_run1,beyond,beyond_pump_step_1,650.5518997090841
window50_run1,beyond,beyond_pump_ramp_1,591.823219431016
window50_run1,beyond,beyond_pump_sine_1,623.0429232459538
window50_run1,beyond,beyond_split_step_1,2879.403296460834
window50_run1,beyond,beyond_split_ramp_1,1071.8615915250473
window50_run1,beyond,beyond_split_sine_1,1106.67964864088
window50_run1,beyond,beyond_combined_step_1,4247.914957250232
window50_run1,beyond,beyond_combined_ramp_1,263.3301010247635
window50_run1,beyond,beyond_combined_sine_1,915.9665884851772
window50_run1,beyond,beyond_feed_step_2,1130.3076228207567
window50_run1,beyond,beyond_feed_ramp_2,661.0541440098607
window50_run1,beyond,beyond_feed_sine_2,2677.5697707478525
window50_run1,beyond,beyond_pump_step_2,878.9210808362014
window50_run1,beyond,beyond_pump_ramp_2,1456.8985045081458
window50_run1,beyond,beyond_pump_sine_2,427.4603419581664
window50_run1,beyond,beyond_split_step_2,1526.6619441282794
window50_run1,beyond,beyond_split_ramp_2,690.8667736930522
window50_run1,beyond,beyond_split_sine_2,337.6837772639171
window50_run1,beyond,beyond_combined_step_2,2122.98338610891
window50_run1,beyond,beyond_combined_ramp_2,906.0462232897742
window50_run1,beyond,beyond_combined_sine_2,936.8759874517312
window50_run2,dev,nominal_target_up_0,321.6442738782423
window50_run2,dev,nominal_target_down_0,462.0407043603493
window50_run2,dev,dev_feed_step_0,159.51629286479465
window50_run2,dev,dev_feed_ramp_0,96.42081123279314
window50_run2,dev,dev_feed_sine_0,304.87652109892645
window50_run2,dev,dev_pump_step_0,164.908916065607
window50_run2,dev,dev_pump_ramp_0,337.0094363356868
window50_run2,dev,dev_pump_sine_0,500.0426334195515
window50_run2,dev,dev_split_step_0,181.5699859671367
window50_run2,dev,dev_split_ramp_0,175.2919836778682
window50_run2,dev,dev_split_sine_0,108.42089228689989
window50_run2,dev,dev_combined_step_0,158.81157360468626
window50_run2,dev,dev_combined_ramp_0,268.08165808413526
window50_run2,dev,dev_combined_sine_0,633.4728129839496
window50_run2,dev,nominal_target_up_1,436.89792526676865
window50_run2,dev,nominal_target_down_1,402.51411293162164
window50_run2,dev,dev_feed_step_1,91.1781524438352
window50_run2,dev,dev_feed_ramp_1,85.73771071737583
window50_run2,dev,dev_feed_sine_1,835.3754047638624
window50_run2,dev,dev_pump_step_1,101.06006780403303
window50_run2,dev,dev_pump_ramp_1,313.6011545862847
window50_run2,dev,dev_pump_sine_1,93.58529110324426
window50_run2,dev,dev_split_step_1,82.39223051660609
window50_run2,dev,dev_split_ramp_1,80.54698600598638
window50_run2,dev,dev_split_sine_1,188.60510957498613
window50_run2,dev,dev_combined_step_1,125.02176866085767
window50_run2,dev,dev_combined_ramp_1,324.75032674568735
window50_run2,dev,dev_combined_sine_1,607.0944576836876
window50_run2,dev,nominal_target_up_2,350.12244959970013
window50_run2,dev,nominal_target_down_2,641.4318519541555
window50_run2,dev,dev_feed_step_2,182.31777589064208
window50_run2,dev,dev_feed_ramp_2,220.03971198126084
window50_run2,dev,dev_feed_sine_2,1397.1896536915629
window50_run2,dev,dev_pump_step_2,57.25941320971663
window50_run2,dev,dev_pump_ramp_2,275.02499553659095
window50_run2,dev,dev_pump_sine_2,158.05389055976786
window50_run2,dev,dev_split_step_2,91.91300878236605
window50_run2,dev,dev_split_ramp_2,118.95877034671145
window50_run2,dev,dev_split_sine_2,381.1515912115845
window50_run2,dev,dev_combined_step_2,316.8620984560564
window50_run2,dev,dev_combined_ramp_2,136.1640827007331
window50_run2,dev,dev_combined_sine_2,275.0516781915196
window50_run2,heldout,nominal_target_up_0,481.0134508313325
window50_run2,heldout,nominal_target_down_0,570.1406573095596
window50_run2,heldout,dev_feed_step_0,91.66642982172797
window50_run2,heldout,dev_feed_ramp_0,133.94153809862107
window50_run2,heldout,dev_feed_sine_0,569.2320557626273
window50_run2,heldout,dev_pump_step_0,246.3438138892308
window50_run2,heldout,dev_pump_ramp_0,369.1350188709662
window50_run2,heldout,dev_pump_sine_0,221.14132522432098
window50_run2,heldout,dev_split_step_0,184.66774646068365
window50_run2,heldout,dev_split_ramp_0,193.4108839220258
window50_run2,heldout,dev_split_sine_0,137.04959536874318
window50_run2,heldout,dev_combined_step_0,213.99728116180188
window50_run2,heldout,dev_combined_ramp_0,103.2044475524576
window50_run2,heldout,dev_combined_sine_0,735.6415667199717
window50_run2,heldout,nominal_target_up_1,304.60164904283675
window50_run2,heldout,nominal_target_down_1,586.1321313518404
window50_run2,heldout,dev_feed_step_1,151.54193846299248
window50_run2,heldout,dev_feed_ramp_1,126.17686608152776
window50_run2,heldout,dev_feed_sine_1,312.0323452150229
window50_run2,heldout,dev_pump_step_1,72.70499851108801
window50_run2,heldout,dev_pump_ramp_1,84.5146526044054
window50_run2,heldout,dev_pump_sine_1,84.8118359958321
window50_run2,heldout,dev_split_step_1,198.76722689877226
window50_run2,heldout,dev_split_ramp_1,92.93036891387321
window50_run2,heldout,dev_split_sine_1,381.02957976642006
window50_run2,heldout,dev_combined_step_1,237.55682763724042
window50_run2,heldout,dev_combined_ramp_1,328.8328870143597
window50_run2,heldout,dev_combined_sine_1,684.5826064019203
window50_run2,heldout,nominal_target_up_2,438.2575514994125
window50_run2,heldout,nominal_target_down_2,406.1308392401595
window50_run2,heldout,dev_feed_step_2,108.424772966216
window50_run2,heldout,dev_feed_ramp_2,178.73482961876437
window50_run2,heldout,dev_feed_sine_2,755.2500140261614
window50_run2,heldout,dev_pump_step_2,119.75600123757917
window50_run2,heldout,dev_pump_ramp_2,189.20232273269895
window50_run2,heldout,dev_pump_sine_2,507.9925943498704
window50_run2,heldout,dev_split_step_2,237.20140966278512
window50_run2,heldout,dev_split_ramp_2,126.50257146882058
window50_run2,heldout,dev_split_sine_2,270.51165354402315
window50_run2,heldout,dev_combined_step_2,320.5124044045816
window50_run2,heldout,dev_combined_ramp_2,98.05593030737083
window50_run2,heldout,dev_combined_sine_2,591.8487772884231
window50_run2,beyond,beyond_feed_step_0,602.2453111297996
window50_run2,beyond,beyond_feed_ramp_0,1953.568758102972
window50_run2,beyond,beyond_feed_sine_0,1310.9283327214816
window50_run2,beyond,beyond_pump_step_0,1827.4973159969015
window50_run2,beyond,beyond_pump_ramp_0,925.8270233751037
window50_run2,beyond,beyond_pump_sine_0,615.6065892956648
window50_run2,beyond,beyond_split_step_0,104.99642399956943
window50_run2,beyond,beyond_split_ramp_0,1337.4324322371017
window50_run2,beyond,beyond_split_sine_0,575.7160051181988
window50_run2,beyond,beyond_combined_step_0,2846.6089072686304
window50_run2,beyond,beyond_combined_ramp_0,343.33324782643354
window50_run2,beyond,beyond_combined_sine_0,1500.5689880161392
window50_run2,beyond,beyond_feed_step_1,3836.068509970357
window50_run2,beyond,beyond_feed_ramp_1,214.98206196890882
window50_run2,beyond,beyond_feed_sine_1,1283.5288623573915
window50_run2,beyond,beyond_pump_step_1,1292.0849489490693
window50_run2,beyond,beyond_pump_ramp_1,942.0604797539883
window50_run2,beyond,beyond_pump_sine_1,684.0961148555357
window50_run2,beyond,beyond_split_step_1,1994.8384878453196
window50_run2,beyond,beyond_split_ramp_1,111.78193292890123
window50_run2,beyond,beyond_split_sine_1,1786.7507806030326
window50_run2,beyond,beyond_combined_step_1,3319.6495980948766
window50_run2,beyond,beyond_combined_ramp_1,263.3301010247625
window50_run2,beyond,beyond_combined_sine_1,1407.3925456101836
window50_run2,beyond,beyond_feed_step_2,1124.823263779339
window50_run2,beyond,beyond_feed_ramp_2,213.9380863304944
window50_run2,beyond,beyond_feed_sine_2,2660.37233087499
window50_run2,beyond,beyond_pump_step_2,1622.7751648099568
window50_run2,beyond,beyond_pump_ramp_2,1302.9327458422688
window50_run2,beyond,beyond_pump_sine_2,422.73193257554453
window50_run2,beyond,beyond_split_step_2,114.5965125165899
window50_run2,beyond,beyond_split_ramp_2,1117.0879500918822
window50_run2,beyond,beyond_split_sine_2,417.7368054077512
window50_run2,beyond,beyond_combined_step_2,2441.4960267348433
window50_run2,beyond,beyond_combined_ramp_2,865.2951667428621
window50_run2,beyond,beyond_combined_sine_2,926.4321630112524
window50_run3,dev,nominal_target_up_0,229.92923376556274
window50_run3,dev,nominal_target_down_0,290.8468288417608
window50_run3,dev,dev_feed_step_0,1316.686704314962
window50_run3,dev,dev_feed_ramp_0,93.58451691549617
window50_run3,dev,dev_feed_sine_0,303.4297986325999
window50_run3,dev,dev_pump_step_0,155.09262897124222
window50_run3,dev,dev_pump_ramp_0,386.5900313499447
window50_run3,dev,dev_pump_sine_0,579.4932972035025
window50_run3,dev,dev_split_step_0,242.22447316711265
window50_run3,dev,dev_split_ramp_0,188.5510334102871
window50_run3,dev,dev_split_sine_0,108.42089228690057
window50_run3,dev,dev_combined_step_0,764.8642762475439
window50_run3,dev,dev_combined_ramp_0,307.0435322587066
window50_run3,dev,dev_combined_sine_0,629.1257502117072
window50_run3,dev,nominal_target_up_1,335.27239818629346
window50_run3,dev,nominal_target_down_1,251.41199470807408
window50_run3,dev,dev_feed_step_1,92.37797682408657
window50_run3,dev,dev_feed_ramp_1,87.14520508236266
window50_run3,dev,dev_feed_sine_1,1025.588329916131
window50_run3,dev,dev_pump_step_1,101.06006780403429
window50_run3,dev,dev_pump_ramp_1,344.7332672449571
window50_run3,dev,dev_pump_sine_1,93.58529110324426
window50_run3,dev,dev_split_step_1,99.683759665313
window50_run3,dev,dev_split_ramp_1,343.9571848708198
window50_run3,dev,dev_split_sine_1,171.78610248205754
window50_run3,dev,dev_combined_step_1,125.02176866085746
window50_run3,dev,dev_combined_ramp_1,397.68344498613214
window50_run3,dev,dev_combined_sine_1,567.2340847126411
window50_run3,dev,nominal_target_up_2,249.763390986048
window50_run3,dev,nominal_target_down_2,406.28858994194326
window50_run3,dev,dev_feed_step_2,1497.2928445351847
window50_run3,dev,dev_feed_ramp_2,535.7019035967912
window50_run3,dev,dev_feed_sine_2,1606.62958320448
window50_run3,dev,dev_pump_step_2,57.259413209717756
window50_run3,dev,dev_pump_ramp_2,275.0249955365921
window50_run3,dev,dev_pump_sine_2,154.81929686971068
window50_run3,dev,dev_split_step_2,1018.5817231476889
window50_run3,dev,dev_split_ramp_2,118.95877034671152
window50_run3,dev,dev_split_sine_2,391.54458137801237
window50_run3,dev,dev_combined_step_2,1110.520809364228
window50_run3,dev,dev_combined_ramp_2,193.35131822570688
window50_run3,dev,dev_combined_sine_2,278.2768829860406
window50_run3,heldout,nominal_target_up_0,358.32479588217905
window50_run3,heldout,nominal_target_down_0,362.60374954045466
window50_run3,heldout,dev_feed_step_0,92.71373570167547
window50_run3,heldout,dev_feed_ramp_0,1069.2017952962121
window50_run3,heldout,dev_feed_sine_0,522.644777533304
window50_run3,heldout,dev_pump_step_0,246.34381388923217
window50_run3,heldout,dev_pump_ramp_0,451.14485138049116
window50_run3,heldout,dev_pump_sine_0,221.14132522432092
window50_run3,heldout,dev_split_step_0,266.653822990603
window50_run3,heldout,dev_split_ramp_0,290.4981917553182
window50_run3,heldout,dev_split_sine_0,137.04959536874387
window50_run3,heldout,dev_combined_step_0,224.86030023508283
window50_run3,heldout,dev_combined_ramp_0,103.20444755245916
window50_run3,heldout,dev_combined_sine_0,669.2002809353615
window50_run3,heldout,nominal_target_up_1,214.68209083751353
window50_run3,heldout,nominal_target_down_1,372.088459286701
window50_run3,heldout,dev_feed_step_1,1230.6980979430634
window50_run3,heldout,dev_feed_ramp_1,936.4330182367787
window50_run3,heldout,dev_feed_sine_1,308.8019046768498
window50_run3,heldout,dev_pump_step_1,72.70499851108954
window50_run3,heldout,dev_pump_ramp_1,84.51465260440644
window50_run3,heldout,dev_pump_sine_1,84.81183599583159
window50_run3,heldout,dev_split_step_1,217.4013738222063
window50_run3,heldout,dev_split_ramp_1,993.6717635719156
window50_run3,heldout,dev_split_sine_1,382.2251320285437
window50_run3,heldout,dev_combined_step_1,261.32673986779616
window50_run3,heldout,dev_combined_ramp_1,440.2096645920838
window50_run3,heldout,dev_combined_sine_1,602.6683298344321
window50_run3,heldout,nominal_target_up_2,335.2055582645272
window50_run3,heldout,nominal_target_down_2,254.1320203037574
window50_run3,heldout,dev_feed_step_2,118.2934543262894
window50_run3,heldout,dev_feed_ramp_2,1514.3804335721359
window50_run3,heldout,dev_feed_sine_2,576.5622163302802
window50_run3,heldout,dev_pump_step_2,119.7560012375805
window50_run3,heldout,dev_pump_ramp_2,189.7676888973594
window50_run3,heldout,dev_pump_sine_2,635.3641920858975
window50_run3,heldout,dev_split_step_2,358.677818697066
window50_run3,heldout,dev_split_ramp_2,126.50257146882146
window50_run3,heldout,dev_split_sine_2,221.1302794416277
window50_run3,heldout,dev_combined_step_2,392.94915607268695
window50_run3,heldout,dev_combined_ramp_2,98.05593030737127
window50_run3,heldout,dev_combined_sine_2,505.25096573628906
window50_run3,beyond,beyond_feed_step_0,1550.161539867124
window50_run3,beyond,beyond_feed_ramp_0,2553.693493836316
window50_run3,beyond,beyond_feed_sine_0,1221.3797413516695
window50_run3,beyond,beyond_pump_step_0,1653.1855359770962
window50_run3,beyond,beyond_pump_ramp_0,975.1612083244821
window50_run3,beyond,beyond_pump_sine_0,738.7628650261856
window50_run3,beyond,beyond_split_step_0,1364.897759515655
window50_run3,beyond,beyond_split_ramp_0,890.1511548252623
window50_run3,beyond,beyond_split_sine_0,404.5827506062451
window50_run3,beyond,beyond_combined_step_0,2180.9123103071092
window50_run3,beyond,beyond_combined_ramp_0,406.2446144534928
window50_run3,beyond,beyond_combined_sine_0,1124.6546666299841
window50_run3,beyond,beyond_feed_step_1,3354.7904038350807
window50_run3,beyond,beyond_feed_ramp_1,1230.48859336745
window50_run3,beyond,beyond_feed_sine_1,1286.9794033395851
window50_run3,beyond,beyond_pump_step_1,553.5670391099954
window50_run3,beyond,beyond_pump_ramp_1,538.2584201082379
window50_run3,beyond,beyond_pump_sine_1,813.9830041938313
window50_run3,beyond,beyond_split_step_1,2449.454522795433
window50_run3,beyond,beyond_split_ramp_1,1358.4587941361665
window50_run3,beyond,beyond_split_sine_1,1545.6987976528367
window50_run3,beyond,beyond_combined_step_1,3726.597457837975
window50_run3,beyond,beyond_combined_ramp_1,263.33010102476163
window50_run3,beyond,beyond_combined_sine_1,1257.815555062673
window50_run3,beyond,beyond_feed_step_2,1556.374471599168
window50_run3,beyond,beyond_feed_ramp_2,1234.5049847723214
window50_run3,beyond,beyond_feed_sine_2,2681.9143273993373
window50_run3,beyond,beyond_pump_step_2,1160.5343955276223
window50_run3,beyond,beyond_pump_ramp_2,1035.167579816792
window50_run3,beyond,beyond_pump_sine_2,422.7319325755442
window50_run3,beyond,beyond_split_step_2,1475.5204864334637
window50_run3,beyond,beyond_split_ramp_2,616.630265324854
window50_run3,beyond,beyond_split_sine_2,268.2872061776213
window50_run3,beyond,beyond_combined_step_2,2462.7300445896667
window50_run3,beyond,beyond_combined_ramp_2,980.541745413909
window50_run3,beyond,beyond_combined_sine_2,1091.7076993987134
window50_strictguard_run1,dev,nominal_target_up_0,229.92923376556325
window50_strictguard_run1,dev,nominal_target_down_0,290.8468288417602
window50_strictguard_run1,dev,dev_feed_step_0,1751.0135082088852
window50_strictguard_run1,dev,dev_feed_ramp_0,88.28720484272014
window50_strictguard_run1,dev,dev_feed_sine_0,303.42979863260007
window50_strictguard_run1,dev,dev_pump_step_0,155.09262897123872
window50_strictguard_run1,dev,dev_pump_ramp_0,394.5452756383777
window50_strictguard_run1,dev,dev_pump_sine_0,579.4932972035028
window50_strictguard_run1,dev,dev_split_step_0,238.63744345631912
window50_strictguard_run1,dev,dev_split_ramp_0,188.55103341028416
window50_strictguard_run1,dev,dev_split_sine_0,108.42089228689983
window50_strictguard_run1,dev,dev_combined_step_0,1462.696562535214
window50_strictguard_run1,dev,dev_combined_ramp_0,700.2025829618262
window50_strictguard_run1,dev,dev_combined_sine_0,629.1257502117073
window50_strictguard_run1,dev,nominal_target_up_1,338.7266197775794
window50_strictguard_run1,dev,nominal_target_down_1,251.41199470807283
window50_strictguard_run1,dev,dev_feed_step_1,92.37797682408889
window50_strictguard_run1,dev,dev_feed_ramp_1,87.14520508236436
window50_strictguard_run1,dev,dev_feed_sine_1,1025.58832991613
window50_strictguard_run1,dev,dev_pump_step_1,101.06006780403112
window50_strictguard_run1,dev,dev_pump_ramp_1,344.7332672449543
window50_strictguard_run1,dev,dev_pump_sine_1,93.58529110324422
window50_strictguard_run1,dev,dev_split_step_1,90.9031416577188
window50_strictguard_run1,dev,dev_split_ramp_1,746.1773268241993
window50_strictguard_run1,dev,dev_split_sine_1,171.78610248205763
window50_strictguard_run1,dev,dev_combined_step_1,125.02176866085703
window50_strictguard_run1,dev,dev_combined_ramp_1,424.1354039104824
window50_strictguard_run1,dev,dev_combined_sine_1,567.23408471264
window50_strictguard_run1,dev,nominal_target_up_2,249.76339098604865
window50_strictguard_run1,dev,nominal_target_down_2,406.2885899419423
window50_strictguard_run1,dev,dev_feed_step_2,1893.243250966288
window50_strictguard_run1,dev,dev_feed_ramp_2,596.874855935143
window50_strictguard_run1,dev,dev_feed_sine_2,1606.6295832044796
window50_strictguard_run1,dev,dev_pump_step_2,57.2594132097148
window50_strictguard_run1,dev,dev_pump_ramp_2,275.024995536589
window50_strictguard_run1,dev,dev_pump_sine_2,154.81929686971085
window50_strictguard_run1,dev,dev_split_step_2,1469.4337045461532
window50_strictguard_run1,dev,dev_split_ramp_2,118.95877034671206
window50_strictguard_run1,dev,dev_split_sine_2,391.5445813780128
window50_strictguard_run1,dev,dev_combined_step_2,1658.9881690983302
window50_strictguard_run1,dev,dev_combined_ramp_2,192.75819743561976
window50_strictguard_run1,dev,dev_combined_sine_2,278.2768829860403
window50_strictguard_run1,heldout,nominal_target_up_0,448.77610733388144
window50_strictguard_run1,heldout,nominal_target_down_0,362.60374954045426
window50_strictguard_run1,heldout,dev_feed_step_0,92.71373570167778
window50_strictguard_run1,heldout,dev_feed_ramp_0,1231.2898489461359
window50_strictguard_run1,heldout,dev_feed_sine_0,522.6447775333038
window50_strictguard_run1,heldout,dev_pump_step_0,246.3438138892298
window50_strictguard_run1,heldout,dev_pump_ramp_0,514.0606230622411
window50_strictguard_run1,heldout,dev_pump_sine_0,221.1413252243209
window50_strictguard_run1,heldout,dev_split_step_0,269.264148113039
window50_strictguard_run1,heldout,dev_split_ramp_0,325.22312370819026
window50_strictguard_run1,heldout,dev_split_sine_0,137.04959536874287
window50_strictguard_run1,heldout,dev_combined_step_0,216.3320948485367
window50_strictguard_run1,heldout,dev_combined_ramp_0,103.2044475524564
window50_strictguard_run1,heldout,dev_combined_sine_0,669.2002809353611
window50_strictguard_run1,heldout,nominal_target_up_1,214.68209083751492
window50_strictguard_run1,heldout,nominal_target_down_1,372.08845928669996
window50_strictguard_run1,heldout,dev_feed_step_1,1849.3977592474753
window50_strictguard_run1,heldout,dev_feed_ramp_1,1025.3048210450722
window50_strictguard_run1,heldout,dev_feed_sine_1,308.80190467684986
window50_strictguard_run1,heldout,dev_pump_step_1,72.70499851108657
window50_strictguard_run1,heldout,dev_pump_ramp_1,84.51465260440379
window50_strictguard_run1,heldout,dev_pump_sine_1,84.81183599583196
window50_strictguard_run1,heldout,dev_split_step_1,217.40137382220456
window50_strictguard_run1,heldout,dev_split_ramp_1,1183.1338663935048
window50_strictguard_run1,heldout,dev_split_sine_1,382.2251320285434
window50_strictguard_run1,heldout,dev_combined_step_1,261.32673986779366
window50_strictguard_run1,heldout,dev_combined_ramp_1,572.181500870852
window50_strictguard_run1,heldout,dev_combined_sine_1,602.6683298344319
window50_strictguard_run1,heldout,nominal_target_up_2,336.8001129332461
window50_strictguard_run1,heldout,nominal_target_down_2,254.13202030375618
window50_strictguard_run1,heldout,dev_feed_step_2,118.26082140099392
window50_strictguard_run1,heldout,dev_feed_ramp_2,1495.1620665705173
window50_strictguard_run1,heldout,dev_feed_sine_2,576.5622163302802
window50_strictguard_run1,heldout,dev_pump_step_2,119.7560012375775
window50_strictguard_run1,heldout,dev_pump_ramp_2,189.38005043735603
window50_strictguard_run1,heldout,dev_pump_sine_2,635.3641920858978
window50_strictguard_run1,heldout,dev_split_step_2,494.6291220890845
window50_strictguard_run1,heldout,dev_split_ramp_2,126.50257146881955
window50_strictguard_run1,heldout,dev_split_sine_2,221.13027944162798
window50_strictguard_run1,heldout,dev_combined_step_2,1013.91366553231
window50_strictguard_run1,heldout,dev_combined_ramp_2,98.05593030736988
window50_strictguard_run1,heldout,dev_combined_sine_2,505.2509657362889
window50_strictguard_run1,beyond,beyond_feed_step_0,1905.7485986717543
window50_strictguard_run1,beyond,beyond_feed_ramp_0,2267.9219475533446
window50_strictguard_run1,beyond,beyond_feed_sine_0,1221.379741351669
window50_strictguard_run1,beyond,beyond_pump_step_0,2235.6854116202458
window50_strictguard_run1,beyond,beyond_pump_ramp_0,1113.5433800007215
window50_strictguard_run1,beyond,beyond_pump_sine_0,738.7628650261855
window50_strictguard_run1,beyond,beyond_split_step_0,1638.6185515459724
window50_strictguard_run1,beyond,beyond_split_ramp_0,937.4893239434107
window50_strictguard_run1,beyond,beyond_split_sine_0,404.58275060624493
window50_strictguard_run1,beyond,beyond_combined_step_0,2123.260912867886
window50_strictguard_run1,beyond,beyond_combined_ramp_0,406.2446144534901
window50_strictguard_run1,beyond,beyond_combined_sine_0,1124.6546666299828
window50_strictguard_run1,beyond,beyond_feed_step_1,4004.937993942288
window50_strictguard_run1,beyond,beyond_feed_ramp_1,1340.944284372624
window50_strictguard_run1,beyond,beyond_feed_sine_1,1287.0696070779195
window50_strictguard_run1,beyond,beyond_pump_step_1,713.0132015487821
window50_strictguard_run1,beyond,beyond_pump_ramp_1,628.7609870610249
window50_strictguard_run1,beyond,beyond_pump_sine_1,813.9830041938312
window50_strictguard_run1,beyond,beyond_split_step_1,3005.217554219024
window50_strictguard_run1,beyond,beyond_split_ramp_1,1435.239590207183
window50_strictguard_run1,beyond,beyond_split_sine_1,1545.6987976528362
window50_strictguard_run1,beyond,beyond_combined_step_1,4425.981356368281
window50_strictguard_run1,beyond,beyond_combined_ramp_1,263.3301010247638
window50_strictguard_run1,beyond,beyond_combined_sine_1,1257.815555062673
window50_strictguard_run1,beyond,beyond_feed_step_2,2112.041422251592
window50_strictguard_run1,beyond,beyond_feed_ramp_2,1229.2380350843855
window50_strictguard_run1,beyond,beyond_feed_sine_2,2681.9143273993363
window50_strictguard_run1,beyond,beyond_pump_step_2,916.7249828029542
window50_strictguard_run1,beyond,beyond_pump_ramp_2,1502.1483178084536
window50_strictguard_run1,beyond,beyond_pump_sine_2,422.7319325755443
window50_strictguard_run1,beyond,beyond_split_step_2,1830.8456116377283
window50_strictguard_run1,beyond,beyond_split_ramp_2,794.8015507328168
window50_strictguard_run1,beyond,beyond_split_sine_2,268.28720617762093
window50_strictguard_run1,beyond,beyond_combined_step_2,2259.8919622362073
window50_strictguard_run1,beyond,beyond_combined_ramp_2,987.0369578654074
window50_strictguard_run1,beyond,beyond_combined_sine_2,1091.7076993987143
window50_strictguard_run2,dev,nominal_target_up_0,229.92923376556325
window50_strictguard_run2,dev,nominal_target_down_0,290.8468288417602
window50_strictguard_run2,dev,dev_feed_step_0,1751.0135082088852
window50_strictguard_run2,dev,dev_feed_ramp_0,88.28720484272014
window50_strictguard_run2,dev,dev_feed_sine_0,303.42979863260007
window50_strictguard_run2,dev,dev_pump_step_0,155.09262897123872
window50_strictguard_run2,dev,dev_pump_ramp_0,394.5452756383777
window50_strictguard_run2,dev,dev_pump_sine_0,579.4932972035028
window50_strictguard_run2,dev,dev_split_step_0,238.63744345631912
window50_strictguard_run2,dev,dev_split_ramp_0,188.55103341028416
window50_strictguard_run2,dev,dev_split_sine_0,108.42089228689983
window50_strictguard_run2,dev,dev_combined_step_0,1462.696562535214
window50_strictguard_run2,dev,dev_combined_ramp_0,700.2025829618262
window50_strictguard_run2,dev,dev_combined_sine_0,629.1257502117073
window50_strictguard_run2,dev,nominal_target_up_1,338.7266197775794
window50_strictguard_run2,dev,nominal_target_down_1,251.41199470807283
window50_strictguard_run2,dev,dev_feed_step_1,92.37797682408889
window50_strictguard_run2,dev,dev_feed_ramp_1,87.14520508236436
window50_strictguard_run2,dev,dev_feed_sine_1,1025.58832991613
window50_strictguard_run2,dev,dev_pump_step_1,101.06006780403112
window50_strictguard_run2,dev,dev_pump_ramp_1,344.7332672449543
window50_strictguard_run2,dev,dev_pump_sine_1,93.58529110324422
window50_strictguard_run2,dev,dev_split_step_1,90.9031416577188
window50_strictguard_run2,dev,dev_split_ramp_1,746.1773268241993
window50_strictguard_run2,dev,dev_split_sine_1,171.78610248205763
window50_strictguard_run2,dev,dev_combined_step_1,125.02176866085703
window50_strictguard_run2,dev,dev_combined_ramp_1,424.1354039104824
window50_strictguard_run2,dev,dev_combined_sine_1,567.23408471264
window50_strictguard_run2,dev,nominal_target_up_2,249.76339098604865
window50_strictguard_run2,dev,nominal_target_down_2,406.2885899419423
window50_strictguard_run2,dev,dev_feed_step_2,1893.243250966288
window50_strictguard_run2,dev,dev_feed_ramp_2,596.874855935143
window50_strictguard_run2,dev,dev_feed_sine_2,1606.6295832044796
window50_strictguard_run2,dev,dev_pump_step_2,57.2594132097148
window50_strictguard_run2,dev,dev_pump_ramp_2,275.024995536589
window50_strictguard_run2,dev,dev_pump_sine_2,154.81929686971085
window50_strictguard_run2,dev,dev_split_step_2,1469.4337045461532
window50_strictguard_run2,dev,dev_split_ramp_2,118.95877034671206
window50_strictguard_run2,dev,dev_split_sine_2,391.5445813780128
window50_strictguard_run2,dev,dev_combined_step_2,1658.9881690983302
window50_strictguard_run2,dev,dev_combined_ramp_2,192.75819743561976
window50_strictguard_run2,dev,dev_combined_sine_2,278.2768829860403
window50_strictguard_run2,heldout,nominal_target_up_0,448.77610733388144
window50_strictguard_run2,heldout,nominal_target_down_0,362.60374954045426
window50_strictguard_run2,heldout,dev_feed_step_0,92.71373570167778
window50_strictguard_run2,heldout,dev_feed_ramp_0,1231.2898489461359
window50_strictguard_run2,heldout,dev_feed_sine_0,522.6447775333038
window50_strictguard_run2,heldout,dev_pump_step_0,246.3438138892298
window50_strictguard_run2,heldout,dev_pump_ramp_0,514.0606230622411
window50_strictguard_run2,heldout,dev_pump_sine_0,221.1413252243209
window50_strictguard_run2,heldout,dev_split_step_0,269.264148113039
window50_strictguard_run2,heldout,dev_split_ramp_0,325.22312370819026
window50_strictguard_run2,heldout,dev_split_sine_0,137.04959536874287
window50_strictguard_run2,heldout,dev_combined_step_0,216.3320948485367
window50_strictguard_run2,heldout,dev_combined_ramp_0,103.2044475524564
window50_strictguard_run2,heldout,dev_combined_sine_0,669.2002809353611
window50_strictguard_run2,heldout,nominal_target_up_1,214.68209083751492
window50_strictguard_run2,heldout,nominal_target_down_1,372.08845928669996
window50_strictguard_run2,heldout,dev_feed_step_1,1849.3977592474753
window50_strictguard_run2,heldout,dev_feed_ramp_1,1025.3048210450722
window50_strictguard_run2,heldout,dev_feed_sine_1,308.80190467684986
window50_strictguard_run2,heldout,dev_pump_step_1,72.70499851108657
window50_strictguard_run2,heldout,dev_pump_ramp_1,84.51465260440379
window50_strictguard_run2,heldout,dev_pump_sine_1,84.81183599583196
window50_strictguard_run2,heldout,dev_split_step_1,217.40137382220456
window50_strictguard_run2,heldout,dev_split_ramp_1,1183.1338663935048
window50_strictguard_run2,heldout,dev_split_sine_1,382.2251320285434
window50_strictguard_run2,heldout,dev_combined_step_1,261.32673986779366
window50_strictguard_run2,heldout,dev_combined_ramp_1,572.181500870852
window50_strictguard_run2,heldout,dev_combined_sine_1,602.6683298344319
window50_strictguard_run2,heldout,nominal_target_up_2,336.8001129332461
window50_strictguard_run2,heldout,nominal_target_down_2,254.13202030375618
window50_strictguard_run2,heldout,dev_feed_step_2,118.26082140099392
window50_strictguard_run2,heldout,dev_feed_ramp_2,1495.1620665705173
window50_strictguard_run2,heldout,dev_feed_sine_2,576.5622163302802
window50_strictguard_run2,heldout,dev_pump_step_2,119.7560012375775
window50_strictguard_run2,heldout,dev_pump_ramp_2,189.38005043735603
window50_strictguard_run2,heldout,dev_pump_sine_2,635.3641920858978
window50_strictguard_run2,heldout,dev_split_step_2,494.6291220890845
window50_strictguard_run2,heldout,dev_split_ramp_2,126.50257146881955
window50_strictguard_run2,heldout,dev_split_sine_2,221.13027944162798
window50_strictguard_run2,heldout,dev_combined_step_2,1013.91366553231
window50_strictguard_run2,heldout,dev_combined_ramp_2,98.05593030736988
window50_strictguard_run2,heldout,dev_combined_sine_2,505.2509657362889
window50_strictguard_run2,beyond,beyond_feed_step_0,1905.7485986717543
window50_strictguard_run2,beyond,beyond_feed_ramp_0,2267.9219475533446
window50_strictguard_run2,beyond,beyond_feed_sine_0,1221.379741351669
window50_strictguard_run2,beyond,beyond_pump_step_0,2235.6854116202458
window50_strictguard_run2,beyond,beyond_pump_ramp_0,1113.5433800007215
window50_strictguard_run2,beyond,beyond_pump_sine_0,738.7628650261855
window50_strictguard_run2,beyond,beyond_split_step_0,1638.6185515459724
window50_strictguard_run2,beyond,beyond_split_ramp_0,937.4893239434107
window50_strictguard_run2,beyond,beyond_split_sine_0,404.58275060624493
window50_strictguard_run2,beyond,beyond_combined_step_0,2123.260912867886
window50_strictguard_run2,beyond,beyond_combined_ramp_0,406.2446144534901
window50_strictguard_run2,beyond,beyond_combined_sine_0,1124.6546666299828
window50_strictguard_run2,beyond,beyond_feed_step_1,4004.937993942288
window50_strictguard_run2,beyond,beyond_feed_ramp_1,1340.944284372624
window50_strictguard_run2,beyond,beyond_feed_sine_1,1287.0696070779195
window50_strictguard_run2,beyond,beyond_pump_step_1,713.0132015487821
window50_strictguard_run2,beyond,beyond_pump_ramp_1,628.7609870610249
window50_strictguard_run2,beyond,beyond_pump_sine_1,813.9830041938312
window50_strictguard_run2,beyond,beyond_split_step_1,3005.217554219024
window50_strictguard_run2,beyond,beyond_split_ramp_1,1435.239590207183
window50_strictguard_run2,beyond,beyond_split_sine_1,1545.6987976528362
window50_strictguard_run2,beyond,beyond_combined_step_1,4425.981356368281
window50_strictguard_run2,beyond,beyond_combined_ramp_1,263.3301010247638
window50_strictguard_run2,beyond,beyond_combined_sine_1,1257.815555062673
window50_strictguard_run2,beyond,beyond_feed_step_2,2112.041422251592
window50_strictguard_run2,beyond,beyond_feed_ramp_2,1229.2380350843855
window50_strictguard_run2,beyond,beyond_feed_sine_2,2681.9143273993363
window50_strictguard_run2,beyond,beyond_pump_step_2,916.7249828029542
window50_strictguard_run2,beyond,beyond_pump_ramp_2,1502.1483178084536
window50_strictguard_run2,beyond,beyond_pump_sine_2,422.7319325755443
window50_strictguard_run2,beyond,beyond_split_step_2,1830.8456116377283
window50_strictguard_run2,beyond,beyond_split_ramp_2,794.8015507328168
window50_strictguard_run2,beyond,beyond_split_sine_2,268.28720617762093
window50_strictguard_run2,beyond,beyond_combined_step_2,2259.8919622362073
window50_strictguard_run2,beyond,beyond_combined_ramp_2,987.0369578654074
window50_strictguard_run2,beyond,beyond_combined_sine_2,1091.7076993987143
window50_strictguard_run3,dev,nominal_target_up_0,229.92923376556325
window50_strictguard_run3,dev,nominal_target_down_0,290.8468288417602
window50_strictguard_run3,dev,dev_feed_step_0,1751.0135082088852
window50_strictguard_run3,dev,dev_feed_ramp_0,88.28720484272014
window50_strictguard_run3,dev,dev_feed_sine_0,303.42979863260007
window50_strictguard_run3,dev,dev_pump_step_0,155.09262897123872
window50_strictguard_run3,dev,dev_pump_ramp_0,394.5452756383777
window50_strictguard_run3,dev,dev_pump_sine_0,579.4932972035028
window50_strictguard_run3,dev,dev_split_step_0,238.63744345631912
window50_strictguard_run3,dev,dev_split_ramp_0,188.55103341028416
window50_strictguard_run3,dev,dev_split_sine_0,108.42089228689983
window50_strictguard_run3,dev,dev_combined_step_0,1462.696562535214
window50_strictguard_run3,dev,dev_combined_ramp_0,700.2025829618262
window50_strictguard_run3,dev,dev_combined_sine_0,629.1257502117073
window50_strictguard_run3,dev,nominal_target_up_1,338.7266197775794
window50_strictguard_run3,dev,nominal_target_down_1,251.41199470807283
window50_strictguard_run3,dev,dev_feed_step_1,92.37797682408889
window50_strictguard_run3,dev,dev_feed_ramp_1,87.14520508236436
window50_strictguard_run3,dev,dev_feed_sine_1,1025.58832991613
window50_strictguard_run3,dev,dev_pump_step_1,101.06006780403112
window50_strictguard_run3,dev,dev_pump_ramp_1,344.7332672449543
window50_strictguard_run3,dev,dev_pump_sine_1,93.58529110324422
window50_strictguard_run3,dev,dev_split_step_1,90.9031416577188
window50_strictguard_run3,dev,dev_split_ramp_1,746.1773268241993
window50_strictguard_run3,dev,dev_split_sine_1,171.78610248205763
window50_strictguard_run3,dev,dev_combined_step_1,125.02176866085703
window50_strictguard_run3,dev,dev_combined_ramp_1,424.1354039104824
window50_strictguard_run3,dev,dev_combined_sine_1,567.23408471264
window50_strictguard_run3,dev,nominal_target_up_2,249.76339098604865
window50_strictguard_run3,dev,nominal_target_down_2,406.2885899419423
window50_strictguard_run3,dev,dev_feed_step_2,1893.243250966288
window50_strictguard_run3,dev,dev_feed_ramp_2,596.874855935143
window50_strictguard_run3,dev,dev_feed_sine_2,1606.6295832044796
window50_strictguard_run3,dev,dev_pump_step_2,57.2594132097148
window50_strictguard_run3,dev,dev_pump_ramp_2,275.024995536589
window50_strictguard_run3,dev,dev_pump_sine_2,154.81929686971085
window50_strictguard_run3,dev,dev_split_step_2,1469.4337045461532
window50_strictguard_run3,dev,dev_split_ramp_2,118.95877034671206
window50_strictguard_run3,dev,dev_split_sine_2,391.5445813780128
window50_strictguard_run3,dev,dev_combined_step_2,1658.9881690983302
window50_strictguard_run3,dev,dev_combined_ramp_2,192.75819743561976
window50_strictguard_run3,dev,dev_combined_sine_2,278.2768829860403
window50_strictguard_run3,heldout,nominal_target_up_0,448.77610733388144
window50_strictguard_run3,heldout,nominal_target_down_0,362.60374954045426
window50_strictguard_run3,heldout,dev_feed_step_0,92.71373570167778
window50_strictguard_run3,heldout,dev_feed_ramp_0,1231.2898489461359
window50_strictguard_run3,heldout,dev_feed_sine_0,522.6447775333038
window50_strictguard_run3,heldout,dev_pump_step_0,246.3438138892298
window50_strictguard_run3,heldout,dev_pump_ramp_0,514.0606230622411
window50_strictguard_run3,heldout,dev_pump_sine_0,221.1413252243209
window50_strictguard_run3,heldout,dev_split_step_0,269.264148113039
window50_strictguard_run3,heldout,dev_split_ramp_0,325.22312370819026
window50_strictguard_run3,heldout,dev_split_sine_0,137.04959536874287
window50_strictguard_run3,heldout,dev_combined_step_0,216.3320948485367
window50_strictguard_run3,heldout,dev_combined_ramp_0,103.2044475524564
window50_strictguard_run3,heldout,dev_combined_sine_0,669.2002809353611
window50_strictguard_run3,heldout,nominal_target_up_1,214.68209083751492
window50_strictguard_run3,heldout,nominal_target_down_1,372.08845928669996
window50_strictguard_run3,heldout,dev_feed_step_1,1849.3977592474753
window50_strictguard_run3,heldout,dev_feed_ramp_1,1025.3048210450722
window50_strictguard_run3,heldout,dev_feed_sine_1,308.80190467684986
window50_strictguard_run3,heldout,dev_pump_step_1,72.70499851108657
window50_strictguard_run3,heldout,dev_pump_ramp_1,84.51465260440379
window50_strictguard_run3,heldout,dev_pump_sine_1,84.81183599583196
window50_strictguard_run3,heldout,dev_split_step_1,217.40137382220456
window50_strictguard_run3,heldout,dev_split_ramp_1,1183.1338663935048
window50_strictguard_run3,heldout,dev_split_sine_1,382.2251320285434
window50_strictguard_run3,heldout,dev_combined_step_1,261.32673986779366
window50_strictguard_run3,heldout,dev_combined_ramp_1,572.181500870852
window50_strictguard_run3,heldout,dev_combined_sine_1,602.6683298344319
window50_strictguard_run3,heldout,nominal_target_up_2,336.8001129332461
window50_strictguard_run3,heldout,nominal_target_down_2,254.13202030375618
window50_strictguard_run3,heldout,dev_feed_step_2,118.26082140099392
window50_strictguard_run3,heldout,dev_feed_ramp_2,1495.1620665705173
window50_strictguard_run3,heldout,dev_feed_sine_2,576.5622163302802
window50_strictguard_run3,heldout,dev_pump_step_2,119.7560012375775
window50_strictguard_run3,heldout,dev_pump_ramp_2,189.38005043735603
window50_strictguard_run3,heldout,dev_pump_sine_2,635.3641920858978
window50_strictguard_run3,heldout,dev_split_step_2,494.6291220890845
window50_strictguard_run3,heldout,dev_split_ramp_2,126.50257146881955
window50_strictguard_run3,heldout,dev_split_sine_2,221.13027944162798
window50_strictguard_run3,heldout,dev_combined_step_2,1013.91366553231
window50_strictguard_run3,heldout,dev_combined_ramp_2,98.05593030736988
window50_strictguard_run3,heldout,dev_combined_sine_2,505.2509657362889
window50_strictguard_run3,beyond,beyond_feed_step_0,1905.7485986717543
window50_strictguard_run3,beyond,beyond_feed_ramp_0,2267.9219475533446
window50_strictguard_run3,beyond,beyond_feed_sine_0,1221.379741351669
window50_strictguard_run3,beyond,beyond_pump_step_0,2235.6854116202458
window50_strictguard_run3,beyond,beyond_pump_ramp_0,1113.5433800007215
window50_strictguard_run3,beyond,beyond_pump_sine_0,738.7628650261855
window50_strictguard_run3,beyond,beyond_split_step_0,1638.6185515459724
window50_strictguard_run3,beyond,beyond_split_ramp_0,937.4893239434107
window50_strictguard_run3,beyond,beyond_split_sine_0,404.58275060624493
window50_strictguard_run3,beyond,beyond_combined_step_0,2123.260912867886
window50_strictguard_run3,beyond,beyond_combined_ramp_0,406.2446144534901
window50_strictguard_run3,beyond,beyond_combined_sine_0,1124.6546666299828
window50_strictguard_run3,beyond,beyond_feed_step_1,4004.937993942288
window50_strictguard_run3,beyond,beyond_feed_ramp_1,1340.944284372624
window50_strictguard_run3,beyond,beyond_feed_sine_1,1287.0696070779195
window50_strictguard_run3,beyond,beyond_pump_step_1,713.0132015487821
window50_strictguard_run3,beyond,beyond_pump_ramp_1,628.7609870610249
window50_strictguard_run3,beyond,beyond_pump_sine_1,813.9830041938312
window50_strictguard_run3,beyond,beyond_split_step_1,3005.217554219024
window50_strictguard_run3,beyond,beyond_split_ramp_1,1435.239590207183
window50_strictguard_run3,beyond,beyond_split_sine_1,1545.6987976528362
window50_strictguard_run3,beyond,beyond_combined_step_1,4425.981356368281
window50_strictguard_run3,beyond,beyond_combined_ramp_1,263.3301010247638
window50_strictguard_run3,beyond,beyond_combined_sine_1,1257.815555062673
window50_strictguard_run3,beyond,beyond_feed_step_2,2112.041422251592
window50_strictguard_run3,beyond,beyond_feed_ramp_2,1229.2380350843855
window50_strictguard_run3,beyond,beyond_feed_sine_2,2681.9143273993363
window50_strictguard_run3,beyond,beyond_pump_step_2,916.7249828029542
window50_strictguard_run3,beyond,beyond_pump_ramp_2,1502.1483178084536
window50_strictguard_run3,beyond,beyond_pump_sine_2,422.7319325755443
window50_strictguard_run3,beyond,beyond_split_step_2,1830.8456116377283
window50_strictguard_run3,beyond,beyond_split_ramp_2,794.8015507328168
window50_strictguard_run3,beyond,beyond_split_sine_2,268.28720617762093
window50_strictguard_run3,beyond,beyond_combined_step_2,2259.8919622362073
window50_strictguard_run3,beyond,beyond_combined_ramp_2,987.0369578654074
window50_strictguard_run3,beyond,beyond_combined_sine_2,1091.7076993987143
window600_fixedguard,dev,nominal_target_up_0,229.92923376556325
window600_fixedguard,dev,nominal_target_down_0,290.8468288417602
window600_fixedguard,dev,dev_feed_step_0,1751.0135082088852
window600_fixedguard,dev,dev_feed_ramp_0,88.28720484272014
window600_fixedguard,dev,dev_feed_sine_0,303.42979863260007
window600_fixedguard,dev,dev_pump_step_0,155.09262897123872
window600_fixedguard,dev,dev_pump_ramp_0,394.5452756383777
window600_fixedguard,dev,dev_pump_sine_0,579.4932972035028
window600_fixedguard,dev,dev_split_step_0,238.63744345631912
window600_fixedguard,dev,dev_split_ramp_0,188.55103341028416
window600_fixedguard,dev,dev_split_sine_0,108.42089228689983
window600_fixedguard,dev,dev_combined_step_0,1462.696562535214
window600_fixedguard,dev,dev_combined_ramp_0,700.2025829618262
window600_fixedguard,dev,dev_combined_sine_0,629.1257502117073
window600_fixedguard,dev,nominal_target_up_1,338.7266197775794
window600_fixedguard,dev,nominal_target_down_1,251.41199470807283
window600_fixedguard,dev,dev_feed_step_1,92.37797682408889
window600_fixedguard,dev,dev_feed_ramp_1,87.14520508236436
window600_fixedguard,dev,dev_feed_sine_1,1025.58832991613
window600_fixedguard,dev,dev_pump_step_1,101.06006780403112
window600_fixedguard,dev,dev_pump_ramp_1,344.7332672449543
window600_fixedguard,dev,dev_pump_sine_1,93.58529110324422
window600_fixedguard,dev,dev_split_step_1,90.9031416577188
window600_fixedguard,dev,dev_split_ramp_1,746.1773268241993
window600_fixedguard,dev,dev_split_sine_1,171.78610248205763
window600_fixedguard,dev,dev_combined_step_1,125.02176866085703
window600_fixedguard,dev,dev_combined_ramp_1,424.1354039104824
window600_fixedguard,dev,dev_combined_sine_1,567.23408471264
window600_fixedguard,dev,nominal_target_up_2,249.76339098604865
window600_fixedguard,dev,nominal_target_down_2,406.2885899419423
window600_fixedguard,dev,dev_feed_step_2,1893.243250966288
window600_fixedguard,dev,dev_feed_ramp_2,596.874855935143
window600_fixedguard,dev,dev_feed_sine_2,1606.6295832044796
window600_fixedguard,dev,dev_pump_step_2,57.2594132097148
window600_fixedguard,dev,dev_pump_ramp_2,275.024995536589
window600_fixedguard,dev,dev_pump_sine_2,154.81929686971085
window600_fixedguard,dev,dev_split_step_2,1469.4337045461532
window600_fixedguard,dev,dev_split_ramp_2,118.95877034671206
window600_fixedguard,dev,dev_split_sine_2,391.5445813780128
window600_fixedguard,dev,dev_combined_step_2,1658.9881690983302
window600_fixedguard,dev,dev_combined_ramp_2,192.75819743561976
window600_fixedguard,dev,dev_combined_sine_2,278.2768829860403
window600_fixedguard,heldout,nominal_target_up_0,448.77610733388144
window600_fixedguard,heldout,nominal_target_down_0,362.60374954045426
window600_fixedguard,heldout,dev_feed_step_0,92.71373570167778
window600_fixedguard,heldout,dev_feed_ramp_0,1231.2898489461359
window600_fixedguard,heldout,dev_feed_sine_0,522.6447775333038
window600_fixedguard,heldout,dev_pump_step_0,246.3438138892298
window600_fixedguard,heldout,dev_pump_ramp_0,514.0606230622411
window600_fixedguard,heldout,dev_pump_sine_0,221.1413252243209
window600_fixedguard,heldout,dev_split_step_0,269.264148113039
window600_fixedguard,heldout,dev_split_ramp_0,325.22312370819026
window600_fixedguard,heldout,dev_split_sine_0,137.04959536874287
window600_fixedguard,heldout,dev_combined_step_0,216.3320948485367
window600_fixedguard,heldout,dev_combined_ramp_0,103.2044475524564
window600_fixedguard,heldout,dev_combined_sine_0,669.2002809353611
window600_fixedguard,heldout,nominal_target_up_1,214.68209083751492
window600_fixedguard,heldout,nominal_target_down_1,372.08845928669996
window600_fixedguard,heldout,dev_feed_step_1,1849.3977592474753
window600_fixedguard,heldout,dev_feed_ramp_1,1025.3048210450722
window600_fixedguard,heldout,dev_feed_sine_1,308.80190467684986
window600_fixedguard,heldout,dev_pump_step_1,72.70499851108657
window600_fixedguard,heldout,dev_pump_ramp_1,84.51465260440379
window600_fixedguard,heldout,dev_pump_sine_1,84.81183599583196
window600_fixedguard,heldout,dev_split_step_1,217.40137382220456
window600_fixedguard,heldout,dev_split_ramp_1,1183.1338663935048
window600_fixedguard,heldout,dev_split_sine_1,382.2251320285434
window600_fixedguard,heldout,dev_combined_step_1,261.32673986779366
window600_fixedguard,heldout,dev_combined_ramp_1,572.181500870852
window600_fixedguard,heldout,dev_combined_sine_1,602.6683298344319
window600_fixedguard,heldout,nominal_target_up_2,336.8001129332461
window600_fixedguard,heldout,nominal_target_down_2,254.13202030375618
window600_fixedguard,heldout,dev_feed_step_2,118.26082140099392
window600_fixedguard,heldout,dev_feed_ramp_2,1495.1620665705173
window600_fixedguard,heldout,dev_feed_sine_2,576.5622163302802
window600_fixedguard,heldout,dev_pump_step_2,119.7560012375775
window600_fixedguard,heldout,dev_pump_ramp_2,189.38005043735603
window600_fixedguard,heldout,dev_pump_sine_2,635.3641920858978
window600_fixedguard,heldout,dev_split_step_2,494.6291220890845
window600_fixedguard,heldout,dev_split_ramp_2,126.50257146881955
window600_fixedguard,heldout,dev_split_sine_2,221.13027944162798
window600_fixedguard,heldout,dev_combined_step_2,1013.91366553231
window600_fixedguard,heldout,dev_combined_ramp_2,98.05593030736988
window600_fixedguard,heldout,dev_combined_sine_2,505.2509657362889
window600_fixedguard,beyond,beyond_feed_step_0,1905.7485986717543
window600_fixedguard,beyond,beyond_feed_ramp_0,2267.9219475533446
window600_fixedguard,beyond,beyond_feed_sine_0,1221.379741351669
window600_fixedguard,beyond,beyond_pump_step_0,2235.6854116202458
window600_fixedguard,beyond,beyond_pump_ramp_0,1113.5433800007215
window600_fixedguard,beyond,beyond_pump_sine_0,738.7628650261855
window600_fixedguard,beyond,beyond_split_step_0,1638.6185515459724
window600_fixedguard,beyond,beyond_split_ramp_0,937.4893239434107
window600_fixedguard,beyond,beyond_split_sine_0,404.58275060624493
window600_fixedguard,beyond,beyond_combined_step_0,2123.260912867886
window600_fixedguard,beyond,beyond_combined_ramp_0,406.2446144534901
window600_fixedguard,beyond,beyond_combined_sine_0,1124.6546666299828
window600_fixedguard,beyond,beyond_feed_step_1,4004.937993942288
window600_fixedguard,beyond,beyond_feed_ramp_1,1340.944284372624
window600_fixedguard,beyond,beyond_feed_sine_1,1287.0696070779195
window600_fixedguard,beyond,beyond_pump_step_1,713.0132015487821
window600_fixedguard,beyond,beyond_pump_ramp_1,628.7609870610249
window600_fixedguard,beyond,beyond_pump_sine_1,813.9830041938312
window600_fixedguard,beyond,beyond_split_step_1,3005.217554219024
window600_fixedguard,beyond,beyond_split_ramp_1,1435.239590207183
window600_fixedguard,beyond,beyond_split_sine_1,1545.6987976528362
window600_fixedguard,beyond,beyond_combined_step_1,4425.981356368281
window600_fixedguard,beyond,beyond_combined_ramp_1,263.3301010247638
window600_fixedguard,beyond,beyond_combined_sine_1,1257.815555062673
window600_fixedguard,beyond,beyond_feed_step_2,2112.041422251592
window600_fixedguard,beyond,beyond_feed_ramp_2,1229.2380350843855
window600_fixedguard,beyond,beyond_feed_sine_2,2681.9143273993363
window600_fixedguard,beyond,beyond_pump_step_2,916.7249828029542
window600_fixedguard,beyond,beyond_pump_ramp_2,1502.1483178084536
window600_fixedguard,beyond,beyond_pump_sine_2,422.7319325755443
window600_fixedguard,beyond,beyond_split_step_2,1830.8456116377283
window600_fixedguard,beyond,beyond_split_ramp_2,794.8015507328168
window600_fixedguard,beyond,beyond_split_sine_2,268.28720617762093
window600_fixedguard,beyond,beyond_combined_step_2,2259.8919622362073
window600_fixedguard,beyond,beyond_combined_ramp_2,987.0369578654074
window600_fixedguard,beyond,beyond_combined_sine_2,1091.7076993987143
window600_guardschedule,dev,nominal_target_up_0,293.3364791388885
window600_guardschedule,dev,nominal_target_down_0,483.00281332542306
window600_guardschedule,dev,dev_feed_step_0,129.07879902447712
window600_guardschedule,dev,dev_feed_ramp_0,115.94659197075508
window600_guardschedule,dev,dev_feed_sine_0,325.929250783642
window600_guardschedule,dev,dev_pump_step_0,170.15167927862825
window600_guardschedule,dev,dev_pump_ramp_0,335.41613735435055
window600_guardschedule,dev,dev_pump_sine_0,474.69385903501586
window600_guardschedule,dev,dev_split_step_0,150.51780768487913
window600_guardschedule,dev,dev_split_ramp_0,165.5271991085139
window600_guardschedule,dev,dev_split_sine_0,123.11317995210507
window600_guardschedule,dev,dev_combined_step_0,139.17870509556252
window600_guardschedule,dev,dev_combined_ramp_0,252.1886395889462
window600_guardschedule,dev,dev_combined_sine_0,603.697281432727
window600_guardschedule,dev,nominal_target_up_1,432.8973019234183
window600_guardschedule,dev,nominal_target_down_1,404.514723059074
window600_guardschedule,dev,dev_feed_step_1,90.55995606220895
window600_guardschedule,dev,dev_feed_ramp_1,104.69486067017816
window600_guardschedule,dev,dev_feed_sine_1,605.418239940623
window600_guardschedule,dev,dev_pump_step_1,101.06006780403499
window600_guardschedule,dev,dev_pump_ramp_1,307.04329108062626
window600_guardschedule,dev,dev_pump_sine_1,93.58529110324423
window600_guardschedule,dev,dev_split_step_1,58.25022485201747
window600_guardschedule,dev,dev_split_ramp_1,62.83875989583593
window600_guardschedule,dev,dev_split_sine_1,228.88278412459823
window600_guardschedule,dev,dev_combined_step_1,110.144840066342
window600_guardschedule,dev,dev_combined_ramp_1,322.90507883408793
window600_guardschedule,dev,dev_combined_sine_1,548.5326713638445
window600_guardschedule,dev,nominal_target_up_2,322.3449725321034
window600_guardschedule,dev,nominal_target_down_2,689.3959100415622
window600_guardschedule,dev,dev_feed_step_2,148.96873397318004
window600_guardschedule,dev,dev_feed_ramp_2,232.25674876115468
window600_guardschedule,dev,dev_feed_sine_2,1323.576534571608
window600_guardschedule,dev,dev_pump_step_2,57.25941320971862
window600_guardschedule,dev,dev_pump_ramp_2,275.024995536593
window600_guardschedule,dev,dev_pump_sine_2,166.07817311944635
window600_guardschedule,dev,dev_split_step_2,81.39102538835459
window600_guardschedule,dev,dev_split_ramp_2,118.95877034671126
window600_guardschedule,dev,dev_split_sine_2,382.63526286211334
window600_guardschedule,dev,dev_combined_step_2,287.98120792241104
window600_guardschedule,dev,dev_combined_ramp_2,134.19890867699104
window600_guardschedule,dev,dev_combined_sine_2,262.32177755738377
window600_guardschedule,heldout,nominal_target_up_0,479.3826831140213
window600_guardschedule,heldout,nominal_target_down_0,618.3235656500216
window600_guardschedule,heldout,dev_feed_step_0,90.41112394624193
window600_guardschedule,heldout,dev_feed_ramp_0,107.88473160733902
window600_guardschedule,heldout,dev_feed_sine_0,601.5600186933273
window600_guardschedule,heldout,dev_pump_step_0,246.34381388923296
window600_guardschedule,heldout,dev_pump_ramp_0,362.90373140009973
window600_guardschedule,heldout,dev_pump_sine_0,221.14132522432135
window600_guardschedule,heldout,dev_split_step_0,148.38544803269644
window600_guardschedule,heldout,dev_split_ramp_0,191.06125534087266
window600_guardschedule,heldout,dev_split_sine_0,162.7817056403449
window600_guardschedule,heldout,dev_combined_step_0,189.16715119015038
window600_guardschedule,heldout,dev_combined_ramp_0,103.20444755245855
window600_guardschedule,heldout,dev_combined_sine_0,1005.2655872103475
window600_guardschedule,heldout,nominal_target_up_1,266.8690517170089
window600_guardschedule,heldout,nominal_target_down_1,632.9217773636639
window600_guardschedule,heldout,dev_feed_step_1,117.50627551547474
window600_guardschedule,heldout,dev_feed_ramp_1,103.49035236596822
window600_guardschedule,heldout,dev_feed_sine_1,320.27840139468674
window600_guardschedule,heldout,dev_pump_step_1,72.70499851108973
window600_guardschedule,heldout,dev_pump_ramp_1,84.51465260440659
window600_guardschedule,heldout,dev_pump_sine_1,84.81183599583173
window600_guardschedule,heldout,dev_split_step_1,193.46481803756933
window600_guardschedule,heldout,dev_split_ramp_1,79.33520543758947
window600_guardschedule,heldout,dev_split_sine_1,373.72413429194603
window600_guardschedule,heldout,dev_combined_step_1,227.0167596635845
window600_guardschedule,heldout,dev_combined_ramp_1,319.5453894806821
window600_guardschedule,heldout,dev_combined_sine_1,630.3388569822542
window600_guardschedule,heldout,nominal_target_up_2,430.3795958548668
window600_guardschedule,heldout,nominal_target_down_2,409.9470188285122
window600_guardschedule,heldout,dev_feed_step_2,115.74066690612621
window600_guardschedule,heldout,dev_feed_ramp_2,152.37917768304334
window600_guardschedule,heldout,dev_feed_sine_2,612.5716153989354
window600_guardschedule,heldout,dev_pump_step_2,119.75600123758161
window600_guardschedule,heldout,dev_pump_ramp_2,195.14855602716835
window600_guardschedule,heldout,dev_pump_sine_2,496.0855150818912
window600_guardschedule,heldout,dev_split_step_2,230.68695395364847
window600_guardschedule,heldout,dev_split_ramp_2,126.5025714688211
window600_guardschedule,heldout,dev_split_sine_2,335.70578282654554
window600_guardschedule,heldout,dev_combined_step_2,313.34563914396233
window600_guardschedule,heldout,dev_combined_ramp_2,77.6590511642919
window600_guardschedule,heldout,dev_combined_sine_2,516.0151098210434
window600_guardschedule,beyond,beyond_feed_step_0,979.9916523818263
window600_guardschedule,beyond,beyond_feed_ramp_0,2470.1637138587844
window600_guardschedule,beyond,beyond_feed_sine_0,1360.8812996277618
window600_guardschedule,beyond,beyond_pump_step_0,2421.5805800547246
window600_guardschedule,beyond,beyond_pump_ramp_0,1170.9517320554294
window600_guardschedule,beyond,beyond_pump_sine_0,698.9912041767656
window600_guardschedule,beyond,beyond_split_step_0,106.72085523948816
window600_guardschedule,beyond,beyond_split_ramp_0,1276.5291499146217
window600_guardschedule,beyond,beyond_split_sine_0,643.1602921387547
window600_guardschedule,beyond,beyond_combined_step_0,2591.027871115327
window600_guardschedule,beyond,beyond_combined_ramp_0,339.002245706249
window600_guardschedule,beyond,beyond_combined_sine_0,1198.5583917024758
window600_guardschedule,beyond,beyond_feed_step_1,4308.302848293942
window600_guardschedule,beyond,beyond_feed_ramp_1,354.71552859349634
window600_guardschedule,beyond,beyond_feed_sine_1,1167.872337396769
window600_guardschedule,beyond,beyond_pump_step_1,1823.5691496040638
window600_guardschedule,beyond,beyond_pump_ramp_1,1274.9269747240232
window600_guardschedule,beyond,beyond_pump_sine_1,714.3089234864153
window600_guardschedule,beyond,beyond_split_step_1,2127.461229363257
window600_guardschedule,beyond,beyond_split_ramp_1,112.93806865791458
window600_guardschedule,beyond,beyond_split_sine_1,2157.9726924052998
window600_guardschedule,beyond,beyond_combined_step_1,2498.2580508097535
window600_guardschedule,beyond,beyond_combined_ramp_1,263.33010102476146
window600_guardschedule,beyond,beyond_combined_sine_1,1850.6823184754562
window600_guardschedule,beyond,beyond_feed_step_2,892.6558705947713
window600_guardschedule,beyond,beyond_feed_ramp_2,381.8680438892679
window600_guardschedule,beyond,beyond_feed_sine_2,3398.849169096696
window600_guardschedule,beyond,beyond_pump_step_2,1890.7282799127152
window600_guardschedule,beyond,beyond_pump_ramp_2,1351.4777348770801
window600_guardschedule,beyond,beyond_pump_sine_2,422.73193257554414
window600_guardschedule,beyond,beyond_split_step_2,416.5449069239991
window600_guardschedule,beyond,beyond_split_ramp_2,1098.4976684153282
window600_guardschedule,beyond,beyond_split_sine_2,554.3871535642745
window600_guardschedule,beyond,beyond_combined_step_2,2451.5499118292173
window600_guardschedule,beyond,beyond_combined_ramp_2,866.692542266192
window600_guardschedule,beyond,beyond_combined_sine_2,937.7982288222391
window600_high,dev,nominal_target_up_0,272.88789327156275
window600_high,dev,nominal_target_down_0,444.0501332322317
window600_high,dev,dev_feed_step_0,128.74011237848939
window600_high,dev,dev_feed_ramp_0,97.34633012984467
window600_high,dev,dev_feed_sine_0,349.4081199168751
window600_high,dev,dev_pump_step_0,155.31028315022414
window600_high,dev,dev_pump_ramp_0,283.23440537653613
window600_high,dev,dev_pump_sine_0,360.08393118248983
window600_high,dev,dev_split_step_0,167.65689656609695
window600_high,dev,dev_split_ramp_0,165.67480523410936
window600_high,dev,dev_split_sine_0,128.12109193026885
window600_high,dev,dev_combined_step_0,143.69315023294163
window600_high,dev,dev_combined_ramp_0,249.52407622062654
window600_high,dev,dev_combined_sine_0,590.0293351628866
window600_high,dev,nominal_target_up_1,392.333486487052
window600_high,dev,nominal_target_down_1,381.2111076555691
window600_high,dev,dev_feed_step_1,78.36469052113738
window600_high,dev,dev_feed_ramp_1,85.59519187459193
window600_high,dev,dev_feed_sine_1,631.4388290115857
window600_high,dev,dev_pump_step_1,98.9063397207812
window600_high,dev,dev_pump_ramp_1,268.83265714265525
window600_high,dev,dev_pump_sine_1,101.72565396345006
window600_high,dev,dev_split_step_1,56.4081674471553
window600_high,dev,dev_split_ramp_1,61.09912423109844
window600_high,dev,dev_split_sine_1,235.10861809979644
window600_high,dev,dev_combined_step_1,110.0776055606482
window600_high,dev,dev_combined_ramp_1,323.20764819805146
window600_high,dev,dev_combined_sine_1,515.6116885526123
window600_high,dev,nominal_target_up_2,301.6732144179048
window600_high,dev,nominal_target_down_2,626.6418591181165
window600_high,dev,dev_feed_step_2,148.52622226378236
window600_high,dev,dev_feed_ramp_2,201.49628526949903
window600_high,dev,dev_feed_sine_2,1281.2236582051023
window600_high,dev,dev_pump_step_2,52.493088778396626
window600_high,dev,dev_pump_ramp_2,227.68792541732725
window600_high,dev,dev_pump_sine_2,179.8474317896046
window600_high,dev,dev_split_step_2,72.69976180662199
window600_high,dev,dev_split_ramp_2,108.41994683276776
window600_high,dev,dev_split_sine_2,388.28714156109777
window600_high,dev,dev_combined_step_2,285.3286852380727
window600_high,dev,dev_combined_ramp_2,124.40824185604549
window600_high,dev,dev_combined_sine_2,272.37125004299253
window600_high,heldout,nominal_target_up_0,446.95848526672586
window600_high,heldout,nominal_target_down_0,564.6481567210396
window600_high,heldout,dev_feed_step_0,78.44132296244318
window600_high,heldout,dev_feed_ramp_0,106.62516946135112
window600_high,heldout,dev_feed_sine_0,624.8404244541226
window600_high,heldout,dev_pump_step_0,209.06693109826227
window600_high,heldout,dev_pump_ramp_0,307.31289862310456
window600_high,heldout,dev_pump_sine_0,231.279919688242
window600_high,heldout,dev_split_step_0,167.8754186293257
window600_high,heldout,dev_split_ramp_0,201.93841659491636
window600_high,heldout,dev_split_sine_0,169.32718587244077
window600_high,heldout,dev_combined_step_0,188.7763148940949
window600_high,heldout,dev_combined_ramp_0,86.5681531900355
window600_high,heldout,dev_combined_sine_0,636.6589842823405
window600_high,heldout,nominal_target_up_1,252.28260063116977
window600_high,heldout,nominal_target_down_1,576.5454916580676
window600_high,heldout,dev_feed_step_1,116.2195167286803
window600_high,heldout,dev_feed_ramp_1,101.27760478913073
window600_high,heldout,dev_feed_sine_1,370.58594965454245
window600_high,heldout,dev_pump_step_1,69.1648845364776
window600_high,heldout,dev_pump_ramp_1,73.43757749368223
window600_high,heldout,dev_pump_sine_1,99.14019180478009
window600_high,heldout,dev_split_step_1,204.36335375192758
window600_high,heldout,dev_split_ramp_1,74.618652605634
window600_high,heldout,dev_split_sine_1,387.35461189739016
window600_high,heldout,dev_combined_step_1,256.7420171210874
window600_high,heldout,dev_combined_ramp_1,273.5224136586432
window600_high,heldout,dev_combined_sine_1,622.3982122362811
window600_high,heldout,nominal_target_up_2,394.75817536934153
window600_high,heldout,nominal_target_down_2,385.20341406622913
window600_high,heldout,dev_feed_step_2,95.10016919466307
window600_high,heldout,dev_feed_ramp_2,156.8997183533758
window600_high,heldout,dev_feed_sine_2,574.5644019375401
window600_high,heldout,dev_pump_step_2,118.66175857641544
window600_high,heldout,dev_pump_ramp_2,183.65341233384163
window600_high,heldout,dev_pump_sine_2,495.83343082675793
window600_high,heldout,dev_split_step_2,254.03667532244015
window600_high,heldout,dev_split_ramp_2,126.5025714688211
window600_high,heldout,dev_split_sine_2,308.09493458131976
window600_high,heldout,dev_combined_step_2,299.64529349838807
window600_high,heldout,dev_combined_ramp_2,77.37401119838613
window600_high,heldout,dev_combined_sine_2,537.5717322169902
window600_high,beyond,beyond_feed_step_0,659.6709450336102
window600_high,beyond,beyond_feed_ramp_0,2425.4167737485195
window600_high,beyond,beyond_feed_sine_0,1638.808181152453
window600_high,beyond,beyond_pump_step_0,2190.952021817057
window600_high,beyond,beyond_pump_ramp_0,1201.4404298879285
window600_high,beyond,beyond_pump_sine_0,426.1198348219395
window600_high,beyond,beyond_split_step_0,96.53017699184556
window600_high,beyond,beyond_split_ramp_0,1456.2843512206605
window600_high,beyond,beyond_split_sine_0,692.0546730955703
window600_high,beyond,beyond_combined_step_0,2605.0407032485277
window600_high,beyond,beyond_combined_ramp_0,321.30540255754903
window600_high,beyond,beyond_combined_sine_0,1466.3207489681051
window600_high,beyond,beyond_feed_step_1,4135.461719280449
window600_high,beyond,beyond_feed_ramp_1,336.97890935123706
window600_high,beyond,beyond_feed_sine_1,1406.7492573352179
window600_high,beyond,beyond_pump_step_1,1613.4231340251772
window600_high,beyond,beyond_pump_ramp_1,1253.2711147609937
window600_high,beyond,beyond_pump_sine_1,673.4444364649579
window600_high,beyond,beyond_split_step_1,1861.9470794665997
window600_high,beyond,beyond_split_ramp_1,98.33219352018216
window600_high,beyond,beyond_split_sine_1,639.6183363682836
window600_high,beyond,beyond_combined_step_1,2429.0105561104247
window600_high,beyond,beyond_combined_ramp_1,213.3009425146444
window600_high,beyond,beyond_combined_sine_1,976.4381623912154
window600_high,beyond,beyond_feed_step_2,651.2851451666338
window600_high,beyond,beyond_feed_ramp_2,336.215114145404
window600_high,beyond,beyond_feed_sine_2,2711.2649359527463
window600_high,beyond,beyond_pump_step_2,1748.1540242905603
window600_high,beyond,beyond_pump_ramp_2,1426.0679746884766
window600_high,beyond,beyond_pump_sine_2,446.5031346440105
window600_high,beyond,beyond_split_step_2,442.769801836313
window600_high,beyond,beyond_split_ramp_2,1307.165924419023
window600_high,beyond,beyond_split_sine_2,492.78937325999243
window600_high,beyond,beyond_combined_step_2,2053.8284936666532
window600_high,beyond,beyond_combined_ramp_2,720.3975937223959
window600_high,beyond,beyond_combined_sine_2,872.296652451436
window600_measured,dev,nominal_target_up_0,293.3364791388885
window600_measured,dev,nominal_target_down_0,483.00281332542306
window600_measured,dev,dev_feed_step_0,129.07879902447712
window600_measured,dev,dev_feed_ramp_0,115.94659197075508
window600_measured,dev,dev_feed_sine_0,325.929250783642
window600_measured,dev,dev_pump_step_0,170.15167927862825
window600_measured,dev,dev_pump_ramp_0,335.41613735435055
window600_measured,dev,dev_pump_sine_0,474.69385903501586
window600_measured,dev,dev_split_step_0,150.51780768487913
window600_measured,dev,dev_split_ramp_0,165.5271991085139
window600_measured,dev,dev_split_sine_0,123.11317995210507
window600_measured,dev,dev_combined_step_0,139.17870509556252
window600_measured,dev,dev_combined_ramp_0,252.1886395889462
window600_measured,dev,dev_combined_sine_0,603.697281432727
window600_measured,dev,nominal_target_up_1,432.8973019234183
window600_measured,dev,nominal_target_down_1,404.514723059074
window600_measured,dev,dev_feed_step_1,90.55995606220895
window600_measured,dev,dev_feed_ramp_1,104.69486067017816
window600_measured,dev,dev_feed_sine_1,605.418239940623
window600_measured,dev,dev_pump_step_1,101.06006780403499
window600_measured,dev,dev_pump_ramp_1,307.04329108062626
window600_measured,dev,dev_pump_sine_1,93.58529110324423
window600_measured,dev,dev_split_step_1,58.25022485201747
window600_measured,dev,dev_split_ramp_1,62.83875989583593
window600_measured,dev,dev_split_sine_1,228.88278412459823
window600_measured,dev,dev_combined_step_1,110.144840066342
window600_measured,dev,dev_combined_ramp_1,322.90507883408793
window600_measured,dev,dev_combined_sine_1,548.5326713638445
window600_measured,dev,nominal_target_up_2,322.3449725321034
window600_measured,dev,nominal_target_down_2,689.3959100415622
window600_measured,dev,dev_feed_step_2,148.96873397318004
window600_measured,dev,dev_feed_ramp_2,232.25674876115468
window600_measured,dev,dev_feed_sine_2,1323.576534571608
window600_measured,dev,dev_pump_step_2,57.25941320971862
window600_measured,dev,dev_pump_ramp_2,275.024995536593
window600_measured,dev,dev_pump_sine_2,166.07817311944635
window600_measured,dev,dev_split_step_2,81.39102538835459
window600_measured,dev,dev_split_ramp_2,118.95877034671126
window600_measured,dev,dev_split_sine_2,382.63526286211334
window600_measured,dev,dev_combined_step_2,287.98120792241104
window600_measured,dev,dev_combined_ramp_2,134.19890867699104
window600_measured,dev,dev_combined_sine_2,262.32177755738377
window600_measured,heldout,nominal_target_up_0,479.3826831140213
window600_measured,heldout,nominal_target_down_0,618.3235656500216
window600_measured,heldout,dev_feed_step_0,90.41112394624193
window600_measured,heldout,dev_feed_ramp_0,107.88473160733902
window600_measured,heldout,dev_feed_sine_0,601.5600186933273
window600_measured,heldout,dev_pump_step_0,246.34381388923296
window600_measured,heldout,dev_pump_ramp_0,362.90373140009973
window600_measured,heldout,dev_pump_sine_0,221.14132522432135
window600_measured,heldout,dev_split_step_0,148.38544803269644
window600_measured,heldout,dev_split_ramp_0,191.06125534087266
window600_measured,heldout,dev_split_sine_0,162.7817056403449
window600_measured,heldout,dev_combined_step_0,189.16715119015038
window600_measured,heldout,dev_combined_ramp_0,103.20444755245855
window600_measured,heldout,dev_combined_sine_0,1005.2655872103475
window600_measured,heldout,nominal_target_up_1,266.8690517170089
window600_measured,heldout,nominal_target_down_1,632.9217773636639
window600_measured,heldout,dev_feed_step_1,117.50627551547474
window600_measured,heldout,dev_feed_ramp_1,103.49035236596822
window600_measured,heldout,dev_feed_sine_1,320.27840139468674
window600_measured,heldout,dev_pump_step_1,72.70499851108973
window600_measured,heldout,dev_pump_ramp_1,84.51465260440659
window600_measured,heldout,dev_pump_sine_1,84.81183599583173
window600_measured,heldout,dev_split_step_1,193.46481803756933
window600_measured,heldout,dev_split_ramp_1,79.33520543758947
window600_measured,heldout,dev_split_sine_1,373.72413429194603
window600_measured,heldout,dev_combined_step_1,227.0167596635845
window600_measured,heldout,dev_combined_ramp_1,319.5453894806821
window600_measured,heldout,dev_combined_sine_1,630.3388569822542
window600_measured,heldout,nominal_target_up_2,430.3795958548668
window600_measured,heldout,nominal_target_down_2,409.9470188285122
window600_measured,heldout,dev_feed_step_2,115.74066690612621
window600_measured,heldout,dev_feed_ramp_2,152.37917768304334
window600_measured,heldout,dev_feed_sine_2,612.5716153989354
window600_measured,heldout,dev_pump_step_2,119.75600123758161
window600_measured,heldout,dev_pump_ramp_2,195.14855602716835
window600_measured,heldout,dev_pump_sine_2,496.0855150818912
window600_measured,heldout,dev_split_step_2,230.68695395364847
window600_measured,heldout,dev_split_ramp_2,126.5025714688211
window600_measured,heldout,dev_split_sine_2,335.70578282654554
window600_measured,heldout,dev_combined_step_2,313.34563914396233
window600_measured,heldout,dev_combined_ramp_2,77.6590511642919
window600_measured,heldout,dev_combined_sine_2,516.0151098210434
window600_measured,beyond,beyond_feed_step_0,979.9916523818263
window600_measured,beyond,beyond_feed_ramp_0,2470.1637138587844
window600_measured,beyond,beyond_feed_sine_0,1360.8812996277618
window600_measured,beyond,beyond_pump_step_0,2421.5805800547246
window600_measured,beyond,beyond_pump_ramp_0,1170.9517320554294
window600_measured,beyond,beyond_pump_sine_0,698.9912041767656
window600_measured,beyond,beyond_split_step_0,106.72085523948816
window600_measured,beyond,beyond_split_ramp_0,1276.5291499146217
window600_measured,beyond,beyond_split_sine_0,643.1602921387547
window600_measured,beyond,beyond_combined_step_0,2591.027871115327
window600_measured,beyond,beyond_combined_ramp_0,339.002245706249
window600_measured,beyond,beyond_combined_sine_0,1198.5583917024758
window600_measured,beyond,beyond_feed_step_1,4308.302848293942
window600_measured,beyond,beyond_feed_ramp_1,354.71552859349634
window600_measured,beyond,beyond_feed_sine_1,1167.872337396769
window600_measured,beyond,beyond_pump_step_1,1823.5691496040638
window600_measured,beyond,beyond_pump_ramp_1,1274.9269747240232
window600_measured,beyond,beyond_pump_sine_1,714.3089234864153
window600_measured,beyond,beyond_split_step_1,2127.461229363257
window600_measured,beyond,beyond_split_ramp_1,112.93806865791458
window600_measured,beyond,beyond_split_sine_1,2157.9726924052998
window600_measured,beyond,beyond_combined_step_1,2498.2580508097535
window600_measured,beyond,beyond_combined_ramp_1,263.33010102476146
window600_measured,beyond,beyond_combined_sine_1,1850.6823184754562
window600_measured,beyond,beyond_feed_step_2,892.6558705947713
window600_measured,beyond,beyond_feed_ramp_2,381.8680438892679
window600_measured,beyond,beyond_feed_sine_2,3398.849169096696
window600_measured,beyond,beyond_pump_step_2,1890.7282799127152
window600_measured,beyond,beyond_pump_ramp_2,1351.4777348770801
window600_measured,beyond,beyond_pump_sine_2,422.73193257554414
window600_measured,beyond,beyond_split_step_2,416.5449069239991
window600_measured,beyond,beyond_split_ramp_2,1098.4976684153282
window600_measured,beyond,beyond_split_sine_2,554.3871535642745
window600_measured,beyond,beyond_combined_step_2,2451.5499118292173
window600_measured,beyond,beyond_combined_ramp_2,866.692542266192
window600_measured,beyond,beyond_combined_sine_2,937.7982288222391
window600_onechange,dev,nominal_target_up_0,293.3364791388885
window600_onechange,dev,nominal_target_down_0,483.00281332542306
window600_onechange,dev,dev_feed_step_0,129.07879902447712
window600_onechange,dev,dev_feed_ramp_0,115.94659197075508
window600_onechange,dev,dev_feed_sine_0,325.929250783642
window600_onechange,dev,dev_pump_step_0,170.15167927862825
window600_onechange,dev,dev_pump_ramp_0,335.41613735435055
window600_onechange,dev,dev_pump_sine_0,474.69385903501586
window600_onechange,dev,dev_split_step_0,150.51780768487913
window600_onechange,dev,dev_split_ramp_0,165.5271991085139
window600_onechange,dev,dev_split_sine_0,123.11317995210507
window600_onechange,dev,dev_combined_step_0,139.17870509556252
window600_onechange,dev,dev_combined_ramp_0,252.1886395889462
window600_onechange,dev,dev_combined_sine_0,603.697281432727
window600_onechange,dev,nominal_target_up_1,432.8973019234183
window600_onechange,dev,nominal_target_down_1,404.514723059074
window600_onechange,dev,dev_feed_step_1,90.55995606220895
window600_onechange,dev,dev_feed_ramp_1,104.69486067017816
window600_onechange,dev,dev_feed_sine_1,605.418239940623
window600_onechange,dev,dev_pump_step_1,101.06006780403499
window600_onechange,dev,dev_pump_ramp_1,307.04329108062626
window600_onechange,dev,dev_pump_sine_1,93.58529110324423
window600_onechange,dev,dev_split_step_1,58.25022485201747
window600_onechange,dev,dev_split_ramp_1,62.83875989583593
window600_onechange,dev,dev_split_sine_1,228.88278412459823
window600_onechange,dev,dev_combined_step_1,110.144840066342
window600_onechange,dev,dev_combined_ramp_1,322.90507883408793
window600_onechange,dev,dev_combined_sine_1,548.5326713638445
window600_onechange,dev,nominal_target_up_2,322.3449725321034
window600_onechange,dev,nominal_target_down_2,689.3959100415622
window600_onechange,dev,dev_feed_step_2,148.96873397318004
window600_onechange,dev,dev_feed_ramp_2,232.25674876115468
window600_onechange,dev,dev_feed_sine_2,1323.576534571608
window600_onechange,dev,dev_pump_step_2,57.25941320971862
window600_onechange,dev,dev_pump_ramp_2,275.024995536593
window600_onechange,dev,dev_pump_sine_2,166.07817311944635
window600_onechange,dev,dev_split_step_2,81.39102538835459
window600_onechange,dev,dev_split_ramp_2,118.95877034671126
window600_onechange,dev,dev_split_sine_2,382.63526286211334
window600_onechange,dev,dev_combined_step_2,287.98120792241104
window600_onechange,dev,dev_combined_ramp_2,134.19890867699104
window600_onechange,dev,dev_combined_sine_2,262.32177755738377
window600_onechange,heldout,nominal_target_up_0,479.3826831140213
window600_onechange,heldout,nominal_target_down_0,618.3235656500216
window600_onechange,heldout,dev_feed_step_0,90.41112394624193
window600_onechange,heldout,dev_feed_ramp_0,107.88473160733902
window600_onechange,heldout,dev_feed_sine_0,601.5600186933273
window600_onechange,heldout,dev_pump_step_0,246.34381388923296
window600_onechange,heldout,dev_pump_ramp_0,362.90373140009973
window600_onechange,heldout,dev_pump_sine_0,221.14132522432135
window600_onechange,heldout,dev_split_step_0,148.38544803269644
window600_onechange,heldout,dev_split_ramp_0,191.06125534087266
window600_onechange,heldout,dev_split_sine_0,162.7817056403449
window600_onechange,heldout,dev_combined_step_0,189.16715119015038
window600_onechange,heldout,dev_combined_ramp_0,103.20444755245855
window600_onechange,heldout,dev_combined_sine_0,1005.2655872103475
window600_onechange,heldout,nominal_target_up_1,266.8690517170089
window600_onechange,heldout,nominal_target_down_1,632.9217773636639
window600_onechange,heldout,dev_feed_step_1,117.50627551547474
window600_onechange,heldout,dev_feed_ramp_1,103.49035236596822
window600_onechange,heldout,dev_feed_sine_1,320.27840139468674
window600_onechange,heldout,dev_pump_step_1,72.70499851108973
window600_onechange,heldout,dev_pump_ramp_1,84.51465260440659
window600_onechange,heldout,dev_pump_sine_1,84.81183599583173
window600_onechange,heldout,dev_split_step_1,193.46481803756933
window600_onechange,heldout,dev_split_ramp_1,79.33520543758947
window600_onechange,heldout,dev_split_sine_1,373.72413429194603
window600_onechange,heldout,dev_combined_step_1,227.0167596635845
window600_onechange,heldout,dev_combined_ramp_1,319.5453894806821
window600_onechange,heldout,dev_combined_sine_1,630.3388569822542
window600_onechange,heldout,nominal_target_up_2,430.3795958548668
window600_onechange,heldout,nominal_target_down_2,409.9470188285122
window600_onechange,heldout,dev_feed_step_2,115.74066690612621
window600_onechange,heldout,dev_feed_ramp_2,152.37917768304334
window600_onechange,heldout,dev_feed_sine_2,612.5716153989354
window600_onechange,heldout,dev_pump_step_2,119.75600123758161
window600_onechange,heldout,dev_pump_ramp_2,195.14855602716835
window600_onechange,heldout,dev_pump_sine_2,496.0855150818912
window600_onechange,heldout,dev_split_step_2,230.68695395364847
window600_onechange,heldout,dev_split_ramp_2,126.5025714688211
window600_onechange,heldout,dev_split_sine_2,335.70578282654554
window600_onechange,heldout,dev_combined_step_2,313.34563914396233
window600_onechange,heldout,dev_combined_ramp_2,77.6590511642919
window600_onechange,heldout,dev_combined_sine_2,516.0151098210434
window600_onechange,beyond,beyond_feed_step_0,979.9916523818263
window600_onechange,beyond,beyond_feed_ramp_0,2470.1637138587844
window600_onechange,beyond,beyond_feed_sine_0,1360.8812996277618
window600_onechange,beyond,beyond_pump_step_0,2421.5805800547246
window600_onechange,beyond,beyond_pump_ramp_0,1170.9517320554294
window600_onechange,beyond,beyond_pump_sine_0,698.9912041767656
window600_onechange,beyond,beyond_split_step_0,106.72085523948816
window600_onechange,beyond,beyond_split_ramp_0,1276.5291499146217
window600_onechange,beyond,beyond_split_sine_0,643.1602921387547
window600_onechange,beyond,beyond_combined_step_0,2591.027871115327
window600_onechange,beyond,beyond_combined_ramp_0,339.002245706249
window600_onechange,beyond,beyond_combined_sine_0,1198.5583917024758
window600_onechange,beyond,beyond_feed_step_1,4308.302848293942
window600_onechange,beyond,beyond_feed_ramp_1,354.71552859349634
window600_onechange,beyond,beyond_feed_sine_1,1167.872337396769
window600_onechange,beyond,beyond_pump_step_1,1823.5691496040638
window600_onechange,beyond,beyond_pump_ramp_1,1274.9269747240232
window600_onechange,beyond,beyond_pump_sine_1,714.3089234864153
window600_onechange,beyond,beyond_split_step_1,2127.461229363257
window600_onechange,beyond,beyond_split_ramp_1,112.93806865791458
window600_onechange,beyond,beyond_split_sine_1,2157.9726924052998
window600_onechange,beyond,beyond_combined_step_1,2498.2580508097535
window600_onechange,beyond,beyond_combined_ramp_1,263.33010102476146
window600_onechange,beyond,beyond_combined_sine_1,1850.6823184754562
window600_onechange,beyond,beyond_feed_step_2,892.6558705947713
window600_onechange,beyond,beyond_feed_ramp_2,381.8680438892679
window600_onechange,beyond,beyond_feed_sine_2,3398.849169096696
window600_onechange,beyond,beyond_pump_step_2,1890.7282799127152
window600_onechange,beyond,beyond_pump_ramp_2,1351.4777348770801
window600_onechange,beyond,beyond_pump_sine_2,422.73193257554414
window600_onechange,beyond,beyond_split_step_2,416.5449069239991
window600_onechange,beyond,beyond_split_ramp_2,1098.4976684153282
window600_onechange,beyond,beyond_split_sine_2,554.3871535642745
window600_onechange,beyond,beyond_combined_step_2,2451.5499118292173
window600_onechange,beyond,beyond_combined_ramp_2,866.692542266192
window600_onechange,beyond,beyond_combined_sine_2,937.7982288222391
