config,dev_score,cost,estimate_gain,horizon_s,margin,move_scale,w_band,w_headroom,w_move,w_production,w_upper
0,201.951,quadratic,,,,,,,,,
1,175.124,score,,,,,,,,,
2,164.092,score,0.712,150,0.0056,0.669,,8.601,,,
3,189.341,score,0.924,400,0.0098,0.572,,2.263,,,
4,208.574,quadratic,0.936,500,,,104291.0,18.696,43.33,20152.1,246840.8
5,187.821,quadratic,0.422,200,,,82567.6,2.836,12.95,10742.0,157213.2
6,188.918,quadratic,0.492,300,,,83581.3,2.459,22.34,13008.6,57433.6
7,183.795,score,0.838,500,0.0052,3.452,,16.346,,,
8,170.532,score,0.546,300,0.0048,1.722,,63.227,,,
9,199.566,quadratic,0.409,200,,,98107.9,25.216,21.1,4702.7,124842.9
10,213.55,quadratic,0.639,400,,,80149.9,17.499,46.01,7015.3,98576.7
11,242.921,quadratic,0.662,400,,,225968.9,6.801,30.91,2512.5,105521.5
12,193.889,score,0.275,300,0.0148,0.294,,64.477,,,
13,266.197,quadratic,0.784,200,,,79349.0,4.251,178.24,12043.0,213887.0
14,212.281,score,0.697,500,0.0142,0.267,,2.092,,,
15,234.619,quadratic,0.425,200,,,32343.6,22.062,66.77,9655.7,25907.3
16,166.129,score,0.681,300,0.0134,3.19,,13.429,,,
17,250.282,quadratic,0.954,150,,,155663.3,37.623,159.0,14702.9,113621.9
18,171.163,score,0.679,200,0.002,1.377,,42.51,,,
19,181.732,quadratic,0.813,300,,,269132.2,1.366,30.47,13446.8,142740.2
20,210.676,quadratic,0.471,400,,,54335.5,21.736,15.77,3568.5,27373.9
21,175.059,score,0.385,300,0.0099,2.877,,10.769,,,
22,179.409,score,0.455,200,0.0018,1.572,,4.24,,,
23,216.866,quadratic,0.578,500,,,173587.2,13.08,147.22,35650.5,197265.6
24,201.954,quadratic,0.72,200,,,64848.4,27.214,66.79,25827.6,168784.1
25,193.951,score,0.281,300,0.0145,0.456,,5.083,,,
26,253.708,quadratic,0.494,150,,,315540.3,1.592,63.44,5244.2,60505.1
27,202.956,quadratic,0.734,200,,,80764.0,1.8,102.31,22333.9,41599.6
28,178.137,score,0.551,300,0.0117,0.688,,3.029,,,
29,216.278,quadratic,0.972,150,,,90956.6,1.151,31.66,3491.4,44485.9
30,347.704,quadratic,0.966,300,,,266337.3,74.58,118.57,3068.5,39812.5
31,158.782,score,0.774,200,0.0128,3.78,,27.39,,,
32,170.996,score,0.703,200,0.0012,1.571,,30.097,,,
33,224.423,quadratic,0.329,200,,,123826.4,12.559,49.82,8997.1,148212.8
34,218.681,quadratic,0.342,500,,,213987.7,3.781,22.15,6712.3,152456.0
35,191.098,score,0.817,400,0.0012,0.45,,34.712,,,
36,207.011,score,0.904,500,0.0083,0.518,,2.577,,,
37,186.845,score,0.217,300,0.0041,3.197,,3.66,,,
38,203.72,quadratic,0.342,300,,,146351.8,7.164,40.16,9806.1,109413.5
39,199.452,quadratic,0.66,200,,,292421.3,89.467,21.95,11582.5,26081.3
