kp_h1,ti_h1,kp_h2,ti_h2,ms,load_iae
30,200,80,400,1.978,23.245
30,200,60,300,1.913,23.643
30,200,80,600,1.922,24.891
20,200,60,200,1.834,25.065
20,200,80,300,1.909,25.152
30,200,60,400,1.863,25.258
30,200,40,200,1.888,25.391
30,300,80,400,1.994,25.64
30,300,60,300,1.898,25.828
20,133,80,300,1.884,25.913
15,133,80,200,1.998,26.024
20,133,60,200,1.811,26.181
20,200,80,400,1.851,26.317
20,200,60,300,1.719,26.813
40,300,30,200,1.936,26.868
20,133,80,400,1.828,26.929
40,300,40,300,1.982,26.955
30,300,40,200,1.834,27.013
15,133,80,300,1.865,27.213
30,300,80,600,1.936,27.236
15,133,60,200,1.777,27.283
30,200,40,300,1.791,27.407
20,133,60,300,1.701,27.483
30,300,60,400,1.844,27.513
30,200,30,200,1.79,27.588
20,200,40,200,1.632,27.593
30,200,60,600,1.82,27.673
20,200,80,600,1.8,28.01
20,200,40,133,1.815,28.166
30,400,60,300,1.897,28.296
15,133,80,400,1.81,28.327
15,90,80,200,1.968,28.515
30,200,30,133,1.968,28.556
20,200,60,400,1.672,28.602
20,133,80,600,1.779,28.623
40,400,30,200,1.892,28.734
20,133,40,200,1.685,28.834
40,400,40,300,1.943,28.868
15,133,60,300,1.669,28.976
40,300,40,400,1.933,29.027
20,133,60,400,1.656,29.09
10,90,80,200,1.973,29.105
30,300,30,200,1.717,29.271
30,400,40,200,1.819,29.401
60,300,15,133,1.952,29.425
30,300,40,300,1.734,29.486
15,90,80,300,1.84,29.557
30,300,30,133,1.895,29.566
40,300,20,133,1.872,29.57
30,200,40,400,1.753,29.686
30,400,80,600,1.944,29.687
15,200,60,200,1.795,29.725
20,133,40,133,1.817,29.741
15,90,60,200,1.853,29.754
20,300,60,200,1.849,29.78
30,300,60,600,1.797,29.912
20,200,30,133,1.692,29.929
30,400,60,400,1.842,29.943
15,133,40,200,1.558,30.051
40,200,30,300,1.963,30.092
15,133,40,133,1.731,30.102
15,133,80,600,1.761,30.105
20,300,80,300,1.925,30.143
15,200,80,300,1.883,30.155
40,300,30,300,1.843,30.159
15,90,60,133,1.968,30.225
10,90,60,200,1.749,30.303
10,90,80,300,1.843,30.356
60,400,20,200,1.975,30.415
15,90,80,400,1.82,30.432
20,200,30,200,1.546,30.47
10,90,60,133,1.97,30.523
60,400,15,133,1.888,30.56
10,133,80,200,1.992,30.7
15,133,60,400,1.625,30.701
30,200,30,300,1.711,30.761
30,200,20,133,1.787,30.766
20,200,40,300,1.548,30.849
40,400,40,400,1.894,30.961
20,200,60,600,1.631,31.001
15,90,60,300,1.822,31.217
20,300,80,400,1.866,31.255
20,133,40,300,1.632,31.256
40,200,20,200,1.861,31.264
15,200,80,400,1.826,31.291
40,400,20,133,1.826,31.299
30,600,60,300,1.898,31.347
40,600,30,200,1.858,31.432
10,90,80,400,1.789,31.444
40,600,40,300,1.913,31.45
20,133,60,600,1.617,31.497
10,133,60,133,1.993,31.55
40,300,20,200,1.742,31.55
20,133,30,200,1.657,31.568
20,300,60,300,1.732,31.659
20,133,30,133,1.77,31.664
10,133,60,200,1.765,31.725
30,400,30,133,1.873,31.75
30,300,20,133,1.702,31.822
15,200,40,133,1.748,31.828
15,200,60,300,1.684,31.83
30,400,30,200,1.695,31.837
30,133,40,400,1.967,31.861
30,300,40,400,1.695,31.9
40,200,15,133,1.841,31.949
40,300,15,133,1.722,31.959
30,400,40,300,1.718,31.989
15,90,80,600,1.809,32.0
40,300,40,600,1.891,32.028
10,133,80,300,1.858,32.032
15,133,30,133,1.605,32.088
40,400,30,300,1.802,32.14
10,90,60,300,1.645,32.149
30,400,60,600,1.794,32.303
20,300,40,200,1.634,32.305
30,200,20,200,1.663,32.332
20,300,40,133,1.823,32.352
60,600,20,200,1.917,32.478
40,200,30,400,1.925,32.48
15,200,40,200,1.57,32.499
15,90,40,200,1.838,32.523
60,600,15,133,1.834,32.548
30,600,40,200,1.809,32.548
15,90,60,400,1.808,32.632
30,600,80,600,1.952,32.646
30,200,40,600,1.72,32.807
40,300,30,400,1.808,32.824
10,90,40,133,1.687,32.856
20,400,60,200,1.857,32.882
20,300,80,600,1.814,32.906
15,133,30,200,1.491,32.919
30,600,60,400,1.843,32.944
5,45,80,200,1.958,32.949
15,133,40,300,1.478,32.969
15,90,40,133,1.901,32.979
15,200,80,600,1.776,33.05
15,133,60,600,1.586,33.067
30,300,30,300,1.639,33.095
30,133,30,300,1.933,33.098
10,133,80,400,1.803,33.113
20,400,80,300,1.934,33.139
20,200,20,133,1.568,33.158
5,60,80,200,1.972,33.187
40,300,15,90,1.967,33.191
10,90,40,200,1.568,33.216
20,200,40,400,1.515,33.258
30,200,15,133,1.677,33.286
60,300,10,90,1.833,33.3
10,90,80,600,1.742,33.325
20,300,60,400,1.684,33.451
10,133,40,133,1.705,33.454
80,400,10,90,1.946,33.486
20,133,40,400,1.611,33.515
40,600,40,400,1.865,33.533
15,200,30,133,1.607,33.56
30,200,30,400,1.68,33.629
15,200,60,400,1.638,33.634
60,300,15,200,1.898,33.653
40,400,20,200,1.699,33.694
10,133,60,300,1.658,33.831
10,90,60,400,1.602,33.856
60,200,10,90,1.978,33.862
20,300,30,133,1.683,33.901
40,400,15,133,1.679,33.931
15,133,30,90,1.918,33.933
40,400,40,600,1.853,33.943
60,300,20,300,1.997,33.945
40,600,20,133,1.789,33.993
5,45,60,200,1.867,33.995
5,60,60,133,1.967,34.028
5,45,60,133,1.951,34.148
5,45,80,300,1.861,34.181
5,60,60,200,1.747,34.183
30,400,20,133,1.673,34.234
20,400,80,400,1.874,34.238
30,400,40,400,1.678,34.393
5,60,80,300,1.842,34.487
60,400,10,90,1.777,34.534
10,133,40,200,1.533,34.557
30,300,20,200,1.582,34.566
20,200,20,90,1.815,34.597
20,400,60,300,1.738,34.624
30,133,40,600,1.933,34.629
20,200,30,300,1.482,34.634
40,400,15,90,1.92,34.681
30,133,20,200,1.887,34.685
30,200,15,90,1.909,34.688
10,90,30,133,1.595,34.697
20,133,30,300,1.605,34.701
20,133,20,133,1.701,34.739
30,600,30,133,1.857,34.752
15,90,60,600,1.794,34.813
30,300,15,133,1.591,34.814
80,600,10,90,1.885,34.834
40,400,30,400,1.767,34.84
40,600,30,300,1.769,34.891
15,90,40,300,1.798,34.923
60,400,15,200,1.836,34.926
10,133,80,600,1.754,34.948
60,400,20,300,1.93,34.955
30,300,40,600,1.661,34.985
30,600,30,200,1.678,35.003
15,300,60,200,1.807,35.013
15,90,30,133,1.893,35.061
60,200,10,133,1.947,35.102
30,600,40,300,1.707,35.138
60,300,10,133,1.8,35.169
15,90,30,200,1.815,35.22
20,300,30,200,1.53,35.236
30,600,60,600,1.794,35.247
20,400,40,200,1.636,35.275
15,133,40,400,1.455,35.282
30,300,15,90,1.818,35.291
5,45,80,400,1.854,35.302
20,400,40,133,1.828,35.305
30,133,30,400,1.899,35.331
15,300,80,300,1.894,35.352
80,400,10,133,1.946,35.353
40,200,15,200,1.757,35.419
15,133,20,133,1.536,35.422
10,133,30,133,1.556,35.441
80,600,15,200,1.989,35.472
15,200,30,90,1.939,35.486
40,200,20,300,1.805,35.525
15,200,30,200,1.462,35.539
10,133,60,400,1.614,35.573
5,60,80,400,1.788,35.598
20,300,40,300,1.546,35.675
30,400,30,300,1.617,35.719
20,300,60,600,1.642,35.778
20,400,80,600,1.821,35.834
30,400,20,90,1.974,35.875
15,200,40,300,1.487,35.926
30,133,15,133,1.9,35.931
40,200,30,600,1.893,35.945
15,200,60,600,1.599,35.965
5,45,60,300,1.849,35.972
40,200,10,90,1.806,35.984
5,60,40,133,1.68,35.998
30,300,30,400,1.609,36.005
40,300,10,90,1.7,36.058
10,90,30,200,1.557,36.058
10,90,40,300,1.547,36.109
10,90,60,600,1.564,36.202
20,200,20,200,1.463,36.223
10,90,30,90,1.851,36.275
5,60,60,300,1.642,36.288
20,600,60,200,1.865,36.307
20,200,40,600,1.487,36.308
5,45,40,133,1.878,36.33
20,200,15,133,1.497,36.35
20,400,60,400,1.689,36.359
15,300,80,400,1.836,36.392
40,600,20,200,1.664,36.396
40,600,40,600,1.825,36.427
40,300,30,600,1.778,36.431
40,300,15,200,1.644,36.441
60,600,10,90,1.732,36.453
20,600,80,300,1.942,36.458
20,133,20,90,1.916,36.486
40,300,20,300,1.69,36.503
10,133,30,90,1.878,36.518
40,600,15,133,1.643,36.522
60,400,10,133,1.742,36.542
20,133,20,200,1.603,36.583
20,133,40,600,1.592,36.604
15,133,30,300,1.454,36.642
80,600,10,133,1.885,36.698
20,200,15,90,1.693,36.715
15,133,20,90,1.729,36.747
15,90,40,400,1.781,36.868
20,400,30,133,1.682,36.912
15,300,60,300,1.694,36.923
5,45,40,200,1.847,36.938
60,600,15,200,1.783,36.945
30,200,15,200,1.592,36.976
60,600,20,300,1.873,36.994
15,300,40,133,1.76,37.01
15,200,20,133,1.472,37.013
20,300,20,133,1.534,37.014
5,60,40,200,1.556,37.053
60,300,20,400,1.98,37.062
15,90,30,90,1.993,37.1
30,400,20,200,1.554,37.119
30,200,20,300,1.612,37.119
40,600,15,90,1.882,37.153
30,400,15,133,1.561,37.158
5,45,80,600,1.847,37.192
30,200,30,600,1.655,37.204
30,400,15,90,1.787,37.258
30,600,20,133,1.652,37.283
30,200,10,90,1.695,37.327
40,200,10,133,1.694,37.341
20,133,15,133,1.642,37.375
30,400,40,600,1.644,37.413
5,60,80,600,1.74,37.419
30,600,40,400,1.667,37.427
20,133,30,400,1.585,37.478
20,600,80,400,1.881,37.487
20,200,30,400,1.458,37.507
40,600,30,400,1.735,37.517
15,300,40,200,1.578,37.564
10,133,30,200,1.415,37.619
5,45,60,400,1.84,37.664
80,300,5,60,1.935,37.701
15,200,20,90,1.713,37.803
10,200,60,200,1.777,37.813
5,60,30,133,1.568,37.822
10,133,60,600,1.575,37.846
20,600,60,300,1.744,37.869
40,400,10,90,1.66,37.871
20,300,20,90,1.794,37.872
10,133,40,300,1.454,37.898
15,400,60,200,1.813,37.939
5,60,60,400,1.599,37.973
5,45,30,133,1.865,37.99
20,300,40,400,1.512,38.027
15,300,80,600,1.785,38.078
10,90,20,133,1.58,38.084
20,400,30,200,1.526,38.089
60,400,20,400,1.913,38.095
10,200,80,300,1.869,38.108
15,400,80,300,1.9,38.208
15,133,20,200,1.46,38.258
15,90,30,300,1.773,38.286
15,200,40,400,1.454,38.286
15,133,40,600,1.443,38.288
15,90,20,133,1.85,38.322
40,400,30,600,1.738,38.369
80,300,5,45,1.989,38.385
10,90,40,400,1.538,38.394
20,133,15,90,1.826,38.407
40,300,10,133,1.585,38.429
15,133,15,133,1.501,38.435
60,200,5,60,1.86,38.5
60,600,10,133,1.693,38.5
20,400,40,300,1.548,38.512
30,400,30,400,1.587,38.547
30,133,20,300,1.829,38.557
80,400,5,60,1.87,38.558
20,600,40,200,1.639,38.558
40,400,15,200,1.602,38.565
60,300,5,60,1.724,38.6
30,600,20,90,1.953,38.609
20,400,60,600,1.647,38.615
15,300,60,400,1.647,38.628
15,300,30,133,1.613,38.63
40,400,20,300,1.649,38.686
5,90,80,200,1.985,38.707
30,600,30,300,1.6,38.715
30,133,30,600,1.872,38.727
30,300,10,90,1.611,38.736
20,600,40,133,1.833,38.742
5,60,30,90,1.841,38.794
15,133,15,90,1.652,38.796
40,200,20,400,1.785,38.89
30,133,15,200,1.806,38.912
20,600,80,600,1.827,39.046
60,300,15,300,1.879,39.061
80,400,5,45,1.961,39.072
10,133,20,133,1.409,39.073
10,90,20,90,1.645,39.079
60,300,5,45,1.956,39.093
10,200,80,400,1.813,39.135
30,200,10,133,1.562,39.229
15,400,80,400,1.842,39.234
15,133,30,400,1.44,39.373
5,45,30,90,1.901,39.39
20,300,30,300,1.461,39.393
10,133,20,90,1.646,39.444
5,90,60,133,1.983,39.477
30,300,30,600,1.584,39.486
20,600,60,400,1.695,39.541
10,200,40,133,1.718,39.592
40,133,10,133,1.946,39.6
15,200,30,300,1.397,39.722
5,90,60,200,1.758,39.725
15,400,60,300,1.699,39.738
10,90,30,300,1.534,39.744
5,45,30,200,1.828,39.749
15,90,40,600,1.767,39.785
10,200,60,300,1.667,39.792
20,300,15,90,1.656,39.796
20,400,20,133,1.524,39.803
15,90,20,90,1.995,39.823
5,45,40,300,1.825,39.847
80,600,5,60,1.813,39.851
60,400,5,60,1.67,39.858
30,133,10,90,1.899,39.887
30,300,15,200,1.508,39.89
30,300,20,300,1.532,39.924
40,300,20,400,1.671,39.926
5,90,80,300,1.853,39.95
15,300,30,90,1.954,39.957
5,45,60,600,1.833,39.978
15,400,40,133,1.766,39.996
5,60,30,200,1.545,40.04
30,600,15,133,1.537,40.044
15,200,15,90,1.595,40.053
30,600,20,200,1.533,40.079
15,90,20,200,1.768,40.107
60,600,20,400,1.857,40.119
60,400,5,45,1.924,40.143
20,200,10,90,1.55,40.149
5,60,40,300,1.541,40.196
5,60,60,600,1.561,40.205
10,133,40,400,1.422,40.218
30,600,15,90,1.764,40.257
20,600,30,133,1.682,40.26
80,600,5,45,1.936,40.291
20,300,15,133,1.452,40.326
40,600,10,90,1.629,40.345
15,400,40,200,1.582,40.351
30,600,40,600,1.633,40.351
40,400,10,133,1.543,40.354
15,300,30,200,1.464,40.426
60,400,15,300,1.817,40.449
10,200,40,200,1.542,40.477
30,200,20,400,1.593,40.51
20,400,20,90,1.789,40.524
15,90,30,400,1.756,40.657
40,200,5,60,1.678,40.668
15,200,15,133,1.407,40.712
20,400,40,400,1.512,40.791
15,300,40,300,1.494,40.793
80,600,15,300,1.982,40.831
15,300,60,600,1.607,40.836
40,200,15,300,1.725,40.852
15,400,80,600,1.79,40.865
10,200,80,600,1.763,40.873
15,90,15,133,1.801,40.878
20,300,20,200,1.424,40.887
20,200,30,600,1.437,40.928
40,600,30,600,1.707,40.937
20,300,40,600,1.482,40.942
30,400,10,90,1.581,40.964
20,133,10,90,1.694,40.977
20,133,30,600,1.568,40.997
20,133,20,300,1.561,41.007
30,133,10,133,1.768,41.01
60,300,20,600,1.966,41.046
5,90,80,400,1.798,41.051
15,600,60,200,1.819,41.069
20,200,10,60,1.882,41.074
10,90,15,90,1.639,41.141
40,600,15,200,1.568,41.159
20,133,15,200,1.564,41.183
10,90,15,133,1.56,41.184
20,600,30,200,1.524,41.187
15,200,40,600,1.425,41.196
5,60,20,133,1.554,41.251
10,200,30,133,1.566,41.268
40,600,20,300,1.615,41.28
5,45,20,133,1.835,41.28
15,600,80,300,1.906,41.289
10,90,20,200,1.535,41.328
15,200,20,200,1.37,41.34
10,90,40,600,1.53,41.358
15,400,60,400,1.652,41.388
60,200,10,200,1.939,41.391
30,400,10,60,1.976,41.4
5,90,40,133,1.693,41.41
40,200,5,45,1.961,41.426
30,600,30,400,1.57,41.451
10,200,60,400,1.622,41.458
15,400,30,133,1.616,41.53
20,200,20,300,1.419,41.553
30,133,20,400,1.807,41.571
20,600,40,300,1.549,41.603
5,60,20,90,1.605,41.628
40,300,5,45,1.879,41.636
40,300,5,60,1.609,41.651
30,300,10,133,1.476,41.657
20,200,15,200,1.417,41.67
60,600,5,60,1.624,41.683
10,133,30,300,1.352,41.714
20,600,60,600,1.652,41.719
15,300,20,133,1.463,41.776
10,133,15,90,1.529,41.776
5,90,60,300,1.651,41.786
15,90,15,90,1.95,41.802
15,133,10,90,1.563,41.852
60,300,10,200,1.791,41.868
60,600,5,45,1.897,41.928
30,400,30,600,1.562,41.934
5,45,20,90,1.889,41.985
10,200,30,90,1.896,42.01
40,400,20,400,1.63,42.027
60,400,20,600,1.899,42.053
15,300,20,90,1.715,42.054
5,45,40,400,1.816,42.105
20,400,30,300,1.456,42.109
20,300,30,400,1.435,42.125
15,600,80,400,1.847,42.272
30,200,5,60,1.629,42.274
20,90,30,600,1.98,42.293
40,300,15,300,1.614,42.337
30,400,15,200,1.479,42.339
80,400,10,200,1.948,42.353
30,400,20,300,1.505,42.371
5,60,40,400,1.535,42.417
10,90,30,400,1.524,42.435
15,200,30,400,1.371,42.451
10,300,60,200,1.784,42.454
60,600,15,300,1.765,42.455
20,400,15,90,1.646,42.527
5,90,40,200,1.523,42.556
30,200,5,45,1.882,42.591
40,133,15,300,1.993,42.614
60,300,15,400,1.872,42.681
10,300,80,300,1.876,42.688
15,600,60,300,1.704,42.741
15,133,30,600,1.428,42.767
10,133,15,133,1.357,42.784
5,90,80,600,1.749,42.787
30,200,15,300,1.558,42.791
80,300,5,90,1.943,42.804
40,600,10,133,1.509,42.82
60,200,5,90,1.861,42.845
20,90,20,300,1.952,42.885
15,400,30,90,1.962,42.888
15,133,10,60,1.831,42.924
40,200,20,600,1.767,42.936
20,400,15,133,1.438,42.937
20,600,20,133,1.518,42.947
40,133,5,60,1.873,42.995
15,300,40,400,1.46,43.026
10,133,40,600,1.394,43.069
10,90,15,60,1.954,43.086
15,400,30,200,1.466,43.104
5,90,30,133,1.541,43.125
15,133,20,300,1.428,43.169
15,600,40,133,1.772,43.202
20,133,10,133,1.566,43.208
30,300,20,400,1.514,43.22
10,133,15,60,1.984,43.221
40,400,5,45,1.848,43.232
15,133,15,200,1.436,43.246
15,600,40,200,1.586,43.314
10,200,30,200,1.423,43.351
60,400,10,200,1.734,43.383
40,400,5,60,1.582,43.4
60,300,5,90,1.724,43.413
5,45,30,300,1.805,43.43
5,90,60,400,1.607,43.432
10,133,20,200,1.319,43.437
20,90,15,200,1.94,43.443
15,400,40,300,1.497,43.469
30,133,15,300,1.768,43.481
15,400,60,600,1.611,43.529
20,400,20,200,1.413,43.54
20,200,10,133,1.417,43.56
40,200,10,200,1.665,43.579
10,200,60,600,1.583,43.605
80,600,10,200,1.886,43.61
20,400,40,600,1.482,43.619
10,300,80,400,1.82,43.627
5,90,30,90,1.862,43.627
10,200,40,300,1.461,43.643
30,600,10,90,1.559,43.732
80,400,5,90,1.876,43.739
20,600,40,400,1.514,43.802
40,300,20,600,1.655,43.808
5,60,15,90,1.578,43.812
20,600,20,90,1.786,43.838
15,600,80,600,1.795,43.844
5,60,30,300,1.53,43.858
20,300,10,90,1.501,43.871
20,300,10,60,1.847,43.888
30,400,10,133,1.445,43.988
60,400,15,400,1.811,43.99
60,600,20,600,1.844,43.995
30,600,10,60,1.954,44.003
5,45,15,90,1.869,44.019
30,300,5,45,1.809,44.045
15,200,10,90,1.469,44.054
15,90,30,600,1.743,44.088
15,200,10,60,1.783,44.112
15,300,15,90,1.585,44.192
15,90,10,90,1.844,44.209
15,90,20,300,1.732,44.241
10,300,40,133,1.726,44.247
10,300,60,300,1.673,44.255
10,90,10,90,1.602,44.263
10,200,20,90,1.657,44.278
30,133,5,60,1.776,44.283
20,133,20,400,1.545,44.297
15,600,60,400,1.656,44.332
80,600,15,400,1.98,44.336
15,300,30,300,1.397,44.374
10,133,30,400,1.326,44.386
40,400,15,300,1.574,44.397
30,200,20,600,1.577,44.427
15,400,20,133,1.461,44.44
40,200,15,400,1.714,44.461
30,300,5,60,1.563,44.475
5,45,15,133,1.806,44.525
40,600,20,400,1.597,44.526
5,133,80,200,1.994,44.541
10,200,20,133,1.411,44.545
15,90,15,200,1.732,44.563
15,600,30,133,1.62,44.652
30,600,30,600,1.545,44.732
20,400,30,400,1.429,44.759
20,200,20,400,1.403,44.775
10,300,40,200,1.548,44.882
40,133,10,200,1.917,44.894
5,60,15,133,1.539,44.914
10,400,60,200,1.788,44.926
15,400,20,90,1.717,44.931
60,400,5,90,1.67,44.958
5,45,20,200,1.794,44.961
80,600,5,90,1.819,45.005
10,90,10,60,1.752,45.02
5,45,40,600,1.809,45.024
20,600,30,300,1.454,45.059
30,600,15,200,1.456,45.102
10,400,80,300,1.88,45.105
15,133,10,133,1.452,45.119
30,600,20,300,1.484,45.146
15,300,15,133,1.385,45.213
20,200,5,45,1.754,45.218
5,60,40,600,1.53,45.221
5,60,15,60,1.932,45.278
10,300,80,600,1.769,45.3
60,600,10,200,1.685,45.339
40,300,10,200,1.557,45.349
20,300,30,600,1.412,45.38
5,133,60,133,1.994,45.404
40,200,5,90,1.612,45.412
20,90,20,400,1.934,45.452
20,90,10,133,1.917,45.485
5,133,60,200,1.765,45.49
5,90,30,200,1.401,45.496
5,90,60,600,1.569,45.54
30,400,20,400,1.487,45.578
5,60,20,200,1.526,45.58
40,600,5,45,1.824,45.613
30,133,20,600,1.79,45.621
15,400,40,400,1.463,45.633
10,133,10,60,1.712,45.638
30,300,15,300,1.476,45.646
5,133,80,300,1.86,45.649
20,600,15,90,1.639,45.671
15,200,30,600,1.35,45.688
5,90,40,300,1.444,45.693
40,600,5,60,1.561,45.713
30,200,10,200,1.521,45.746
20,133,5,60,1.665,45.751
20,133,5,45,1.882,45.758
10,90,30,600,1.517,45.774
15,300,40,600,1.431,45.788
10,300,30,133,1.573,45.792
40,133,15,400,1.98,45.797
40,300,15,400,1.604,45.799
5,45,15,60,1.928,45.803
10,200,40,400,1.429,45.817
40,400,20,600,1.615,45.818
10,300,60,400,1.628,45.833
20,600,15,133,1.428,45.863
10,133,10,90,1.425,45.87
15,300,20,200,1.355,45.87
20,200,5,60,1.541,45.89
60,600,15,400,1.759,45.918
15,600,30,200,1.468,45.944
20,300,20,300,1.378,45.967
10,400,80,400,1.823,46.036
20,300,15,200,1.369,46.058
5,45,30,400,1.796,46.08
5,90,20,90,1.622,46.102
30,400,5,45,1.784,46.108
15,600,30,90,1.969,46.125
20,400,10,60,1.838,46.156
30,133,10,200,1.726,46.162
10,90,20,300,1.513,46.166
10,90,15,200,1.517,46.23
30,200,15,400,1.546,46.246
15,600,40,300,1.5,46.315
15,133,20,400,1.416,46.325
20,400,10,90,1.486,46.365
15,200,20,300,1.327,46.399
15,600,60,600,1.615,46.4
20,600,20,200,1.405,46.407
5,60,30,400,1.524,46.434
15,90,10,133,1.732,46.454
20,133,15,300,1.532,46.455
15,133,5,45,1.755,46.515
5,90,20,133,1.38,46.519
20,600,40,600,1.483,46.536
30,400,5,60,1.54,46.553
10,200,15,90,1.531,46.569
15,200,15,200,1.329,46.579
10,400,60,300,1.677,46.632
5,133,80,400,1.804,46.668
30,600,10,133,1.42,46.674
60,300,15,600,1.866,46.686
10,400,40,133,1.73,46.728
10,300,30,90,1.908,46.799
40,600,15,300,1.54,46.832
60,600,5,90,1.624,46.89
15,400,15,90,1.584,46.895
15,400,30,300,1.398,46.923
30,300,20,600,1.499,46.948
15,300,30,400,1.371,46.962
40,133,5,90,1.85,46.974
30,133,15,400,1.755,47.057
40,300,5,90,1.507,47.094
15,133,5,60,1.574,47.135
5,133,40,133,1.702,47.187
10,200,30,300,1.358,47.197
10,400,40,200,1.551,47.22
5,45,10,90,1.82,47.235
15,90,20,400,1.719,47.282
20,200,15,300,1.385,47.284
15,600,20,133,1.46,47.323
5,133,60,300,1.657,47.331
40,400,10,200,1.517,47.35
5,60,10,60,1.656,47.433
10,600,60,200,1.792,47.502
10,133,30,600,1.305,47.547
10,300,30,200,1.428,47.569
60,200,10,300,1.935,47.582
30,200,5,90,1.491,47.589
20,600,30,400,1.426,47.619
5,45,10,60,1.911,47.641
10,600,80,300,1.884,47.654
10,400,80,600,1.773,47.66
5,60,10,90,1.556,47.684
10,60,20,300,1.976,47.695
15,400,15,133,1.38,47.697
20,90,15,300,1.906,47.698
15,300,10,60,1.776,47.733
40,400,15,400,1.563,47.778
20,300,10,133,1.362,47.788
5,90,40,400,1.413,47.827
10,300,40,300,1.466,47.872
10,300,60,600,1.588,47.874
60,400,15,600,1.805,47.892
60,300,10,300,1.788,47.915
20,400,30,600,1.406,47.92
10,60,15,200,1.967,47.938
30,400,15,300,1.447,47.939
10,90,10,133,1.527,47.988
5,133,40,200,1.529,48.017
10,200,15,133,1.335,48.046
15,600,20,90,1.72,48.053
20,133,20,600,1.533,48.153
10,400,60,400,1.631,48.162
10,400,30,133,1.577,48.194
40,600,20,600,1.582,48.213
80,600,15,600,1.978,48.225
30,600,20,400,1.466,48.254
15,300,10,90,1.444,48.255
5,133,80,600,1.755,48.291
15,400,40,600,1.433,48.315
80,400,10,300,1.95,48.34
15,400,20,200,1.352,48.342
10,133,20,300,1.297,48.375
15,600,40,400,1.466,48.405
15,200,10,133,1.339,48.408
20,200,20,600,1.389,48.411
20,400,20,300,1.366,48.467
40,200,15,600,1.704,48.472
20,90,5,60,1.937,48.474
10,200,40,600,1.401,48.494
5,90,15,90,1.493,48.535
20,400,15,200,1.354,48.535
10,600,80,400,1.826,48.549
10,90,5,45,1.746,48.624
10,133,15,200,1.306,48.643
30,133,5,90,1.689,48.645
30,300,10,200,1.437,48.671
15,90,5,45,2.0,48.697
15,133,15,300,1.41,48.717
5,133,30,133,1.548,48.747
20,300,5,45,1.712,48.753
10,300,20,133,1.415,48.759
10,200,20,200,1.305,48.761
15,90,5,60,1.804,48.774
30,600,5,45,1.766,48.801
15,200,5,45,1.678,48.822
10,300,20,90,1.665,48.835
5,133,60,400,1.613,48.867
30,300,15,400,1.464,48.965
20,300,20,400,1.361,49.037
40,400,5,90,1.467,49.059
5,90,15,60,1.962,49.106
10,600,60,300,1.68,49.107
30,600,5,60,1.522,49.117
20,90,20,600,1.919,49.169
30,400,20,600,1.472,49.209
20,600,10,60,1.833,49.233
20,600,10,90,1.476,49.237
20,133,10,200,1.519,49.261
10,90,20,400,1.505,49.267
5,90,30,300,1.338,49.277
60,400,10,300,1.73,49.292
10,600,40,133,1.734,49.355
5,45,30,600,1.791,49.364
10,400,30,90,1.914,49.367
15,90,15,300,1.705,49.378
15,400,30,400,1.371,49.434
15,200,20,400,1.312,49.444
5,133,30,90,1.875,49.501
80,600,10,300,1.888,49.508
5,60,30,600,1.519,49.562
40,200,10,300,1.654,49.575
10,90,5,60,1.617,49.583
40,300,15,600,1.595,49.6
15,600,30,300,1.399,49.627
20,300,5,60,1.494,49.642
10,600,40,200,1.554,49.651
40,600,10,200,1.483,49.698
10,200,30,400,1.332,49.705
10,60,10,133,1.953,49.716
60,600,15,600,1.753,49.734
5,45,20,300,1.775,49.744
10,400,30,200,1.43,49.803
5,45,15,200,1.77,49.805
20,133,15,400,1.521,49.847
5,200,60,200,1.771,49.851
15,600,15,90,1.583,49.868
40,133,15,600,1.969,49.913
10,200,10,60,1.719,49.921
10,300,40,400,1.433,49.936
5,200,80,300,1.865,49.968
15,133,20,600,1.407,49.997
15,300,30,600,1.348,50.04
30,200,15,600,1.535,50.059
15,200,5,60,1.48,50.061
10,400,40,300,1.469,50.116
40,600,15,400,1.53,50.121
10,600,80,600,1.776,50.123
10,400,60,600,1.591,50.146
20,400,10,133,1.344,50.184
5,90,15,133,1.312,50.188
5,60,20,300,1.512,50.297
15,600,15,133,1.376,50.344
15,400,10,60,1.776,50.36
10,133,5,45,1.628,50.393
20,200,10,200,1.369,50.408
5,90,40,600,1.385,50.442
40,133,10,300,1.905,50.501
30,300,5,90,1.405,50.508
20,200,15,400,1.373,50.515
30,600,15,300,1.424,50.531
10,133,10,133,1.326,50.533
5,60,15,200,1.512,50.575
10,600,60,400,1.634,50.588
20,90,10,200,1.874,50.597
10,60,20,400,1.965,50.61
20,90,15,400,1.893,50.617
60,200,5,133,1.863,50.669
15,300,20,300,1.309,50.672
20,600,30,600,1.403,50.68
80,300,5,133,1.948,50.686
15,400,10,90,1.438,50.689
10,600,30,133,1.58,50.705
5,133,30,200,1.407,50.716
15,300,15,200,1.303,50.805
5,133,60,600,1.574,50.843
10,300,15,90,1.535,50.844
30,400,10,200,1.407,50.877
5,200,80,400,1.809,50.924
5,133,40,300,1.45,50.936
5,90,20,200,1.299,50.953
15,600,20,200,1.35,50.956
10,200,10,90,1.399,50.977
10,400,20,133,1.417,50.999
15,600,40,600,1.436,51.002
60,200,10,400,1.934,51.031
30,133,15,600,1.744,51.09
40,300,10,300,1.547,51.104
60,600,10,300,1.682,51.117
15,90,20,600,1.709,51.134
20,600,20,300,1.358,51.172
30,400,15,400,1.436,51.172
20,400,5,45,1.701,51.189
60,300,5,133,1.725,51.2
20,600,15,200,1.343,51.208
10,300,30,300,1.362,51.213
60,300,10,400,1.787,51.247
10,400,20,90,1.669,51.296
20,133,5,90,1.526,51.311
5,45,5,45,1.888,51.312
10,133,20,400,1.289,51.34
40,600,5,90,1.434,51.345
20,300,15,300,1.336,51.412
20,400,20,400,1.349,51.452
5,45,10,133,1.764,51.479
30,200,10,300,1.506,51.487
40,400,15,600,1.554,51.491
5,200,60,300,1.662,51.524
80,400,5,133,1.881,51.542
5,200,40,133,1.708,51.557
10,90,15,300,1.499,51.563
80,400,10,400,1.952,51.656
10,60,5,60,1.99,51.694
5,133,20,90,1.633,51.71
5,90,30,400,1.313,51.725
5,133,20,133,1.387,51.746
30,600,20,600,1.451,51.778
15,133,10,200,1.408,51.779
5,90,10,60,1.677,51.788
15,200,15,300,1.298,51.885
5,60,5,45,1.622,51.899
30,133,10,300,1.71,51.931
20,400,5,60,1.48,51.934
10,300,15,133,1.334,51.951
15,133,15,400,1.401,51.969
10,133,5,60,1.457,51.979
10,600,30,90,1.92,52.057
15,600,30,400,1.373,52.058
10,400,40,400,1.436,52.122
10,600,30,200,1.432,52.123
5,200,40,200,1.534,52.132
15,90,10,200,1.692,52.155
20,200,5,90,1.381,52.41
15,400,30,600,1.349,52.428
5,60,10,133,1.514,52.446
10,600,40,300,1.471,52.45
5,200,80,600,1.759,52.462
10,300,40,600,1.405,52.488
15,300,10,133,1.304,52.489
20,300,20,600,1.347,52.504
10,600,60,600,1.594,52.513
60,400,10,400,1.729,52.547
30,300,15,600,1.455,52.603
60,400,5,133,1.671,52.617
10,300,20,200,1.306,52.64
30,400,5,90,1.372,52.647
5,45,5,60,1.802,52.656
80,600,5,133,1.823,52.668
10,200,30,600,1.31,52.681
10,60,15,300,1.945,52.731
15,90,15,400,1.696,52.741
40,200,5,133,1.605,52.754
20,600,10,133,1.331,52.764
80,600,10,400,1.889,52.774
5,45,20,400,1.769,52.792
15,300,5,45,1.66,52.875
15,200,20,600,1.299,52.875
40,200,10,400,1.649,52.881
10,90,20,600,1.499,52.881
5,300,60,200,1.774,52.886
20,90,5,90,1.851,52.917
5,133,40,400,1.417,52.935
40,400,10,300,1.507,52.972
5,200,60,400,1.617,52.976
5,300,80,300,1.868,52.978
5,200,30,133,1.554,52.982
15,400,20,300,1.305,53.005
5,90,10,90,1.358,53.028
15,400,15,200,1.295,53.106
10,400,15,90,1.537,53.145
5,60,20,400,1.508,53.212
15,600,10,60,1.778,53.291
10,600,20,133,1.419,53.332
10,400,30,300,1.364,53.341
40,133,5,133,1.843,53.352
30,600,10,200,1.382,53.359
15,600,10,90,1.433,53.379
10,200,20,300,1.258,53.402
15,300,20,400,1.292,53.573
10,300,30,400,1.336,53.603
10,200,15,200,1.252,53.605
15,133,5,90,1.438,53.656
5,60,5,60,1.562,53.664
20,133,15,600,1.511,53.667
30,600,15,400,1.413,53.67
40,600,15,600,1.521,53.735
20,400,15,300,1.321,53.741
10,133,15,300,1.287,53.802
5,133,15,90,1.502,53.814
5,300,80,400,1.812,53.889
10,600,20,90,1.673,53.892
5,200,30,90,1.884,53.931
40,133,10,400,1.9,53.972
15,300,5,60,1.452,53.979
20,600,5,45,1.694,54.01
10,400,15,133,1.334,54.031
20,200,15,600,1.364,54.049
10,300,10,60,1.727,54.05
20,600,20,400,1.34,54.066
5,133,15,60,1.981,54.144
30,300,10,300,1.423,54.177
15,90,5,90,1.696,54.205
5,133,30,300,1.343,54.248
40,300,10,400,1.543,54.264
60,600,10,400,1.68,54.301
20,300,10,200,1.314,54.359
60,600,5,133,1.625,54.38
10,60,20,600,1.958,54.382
10,600,40,400,1.438,54.396
5,300,60,300,1.665,54.441
5,400,60,200,1.776,54.449
20,300,15,400,1.324,54.495
10,90,10,200,1.496,54.508
5,400,80,300,1.87,54.529
40,300,5,133,1.501,54.535
20,600,5,60,1.47,54.541
20,90,15,600,1.884,54.597
5,300,40,133,1.712,54.598
10,400,40,600,1.407,54.608
5,90,30,600,1.292,54.62
5,200,30,200,1.411,54.639
30,200,10,400,1.5,54.655
10,133,20,600,1.283,54.677
10,400,20,200,1.307,54.689
15,400,10,133,1.294,54.705
60,200,10,600,1.933,54.716
30,400,15,600,1.426,54.719
10,90,15,400,1.493,54.732
60,300,10,600,1.786,54.795
30,200,5,133,1.473,54.799
20,400,20,600,1.334,54.826
5,200,60,600,1.578,54.853
10,300,10,90,1.396,54.855
5,200,40,300,1.453,54.886
15,200,10,200,1.289,54.907
15,200,15,400,1.287,54.932
20,133,10,300,1.501,54.936
15,600,30,600,1.35,54.962
5,133,15,133,1.302,54.987
5,300,40,200,1.536,54.99
5,45,15,300,1.757,55.031
30,600,5,90,1.346,55.041
30,133,5,133,1.673,55.058
40,600,10,300,1.473,55.171
80,400,10,600,1.953,55.189
10,200,5,45,1.616,55.211
15,400,5,45,1.657,55.271
30,133,10,400,1.703,55.293
10,200,10,133,1.263,55.315
5,300,80,600,1.762,55.369
5,133,40,600,1.39,55.396
5,400,80,400,1.813,55.418
20,90,10,300,1.858,55.425
10,60,10,200,1.923,55.444
5,90,20,300,1.288,55.47
15,600,20,300,1.302,55.474
15,600,15,200,1.29,55.538
15,133,15,600,1.394,55.541
10,600,30,300,1.366,55.551
10,600,15,90,1.54,55.61
5,60,15,300,1.501,55.646
10,400,30,400,1.337,55.668
5,200,20,133,1.391,55.691
5,133,20,200,1.28,55.743
20,200,10,300,1.351,55.752
5,90,15,200,1.291,55.764
15,400,20,400,1.287,55.829
5,300,60,400,1.62,55.835
15,300,15,300,1.269,55.862
5,300,30,133,1.557,55.921
5,200,20,90,1.64,55.941
5,400,60,300,1.666,55.944
10,60,15,400,1.938,55.961
60,400,10,600,1.728,56.012
5,600,60,200,1.778,56.043
40,400,10,400,1.503,56.06
5,600,80,300,1.872,56.088
5,400,40,133,1.714,56.165
15,400,5,60,1.444,56.19
10,600,15,133,1.334,56.201
10,200,20,400,1.24,56.201
20,300,5,90,1.323,56.216
30,400,10,300,1.393,56.245
80,600,10,600,1.89,56.254
20,600,15,300,1.31,56.257
40,400,5,133,1.461,56.329
5,45,20,600,1.767,56.346
10,400,10,60,1.731,56.369
40,200,10,600,1.645,56.4
10,90,5,90,1.519,56.433
10,300,30,600,1.313,56.447
5,400,40,200,1.538,56.46
5,60,20,600,1.505,56.541
5,133,30,400,1.317,56.552
15,90,15,600,1.689,56.571
20,400,10,200,1.295,56.58
10,200,5,60,1.419,56.735
20,400,15,400,1.309,56.743
10,133,15,400,1.28,56.762
5,200,40,400,1.421,56.784
10,600,40,600,1.409,56.814
10,600,20,200,1.308,56.814
5,133,10,60,1.691,56.816
10,133,10,200,1.289,56.844
15,300,20,600,1.277,56.849
5,400,80,600,1.764,56.867
15,200,5,90,1.324,56.872
80,300,5,200,1.952,56.912
10,400,10,90,1.396,56.918
5,600,80,400,1.815,56.977
5,300,30,90,1.89,57.009
15,600,10,133,1.287,57.043
60,200,5,200,1.864,57.052
10,300,20,300,1.259,57.068
30,600,15,600,1.403,57.118
15,133,10,300,1.391,57.16
30,300,10,400,1.417,57.196
10,300,15,200,1.247,57.211
5,90,5,45,1.575,57.212
5,400,60,400,1.621,57.308
20,600,20,600,1.325,57.342
5,300,30,200,1.413,57.359
10,60,5,90,1.913,57.36
60,300,5,200,1.726,57.37
5,400,30,133,1.559,57.432
5,600,60,300,1.667,57.476
5,90,10,133,1.299,57.536
15,90,10,300,1.677,57.602
30,300,5,133,1.389,57.617
40,300,10,600,1.539,57.621
5,300,40,300,1.455,57.628
5,300,60,600,1.58,57.643
60,600,10,600,1.679,57.691
40,133,10,600,1.896,57.691
80,400,5,200,1.884,57.696
5,600,40,133,1.716,57.763
10,600,30,400,1.339,57.814
5,133,10,90,1.363,57.824
5,200,15,90,1.509,57.826
20,300,15,600,1.315,57.872
5,45,10,200,1.745,57.886
15,600,5,45,1.656,57.945
5,600,40,200,1.539,57.957
5,200,30,300,1.346,57.987
15,400,15,300,1.261,58.03
30,200,10,600,1.495,58.033
20,133,10,400,1.495,58.068
5,45,15,400,1.754,58.146
40,600,10,400,1.47,58.179
5,90,20,400,1.284,58.185
15,600,20,400,1.284,58.218
15,200,15,600,1.278,58.266
10,90,15,600,1.488,58.284
20,133,5,133,1.492,58.304
20,400,5,90,1.304,58.345
5,600,80,600,1.765,58.395
40,600,5,133,1.428,58.426
5,300,20,133,1.394,58.433
10,400,30,600,1.315,58.443
5,200,15,60,1.994,58.468
10,200,15,300,1.218,58.479
15,600,5,60,1.44,58.572
30,600,10,300,1.368,58.577
5,60,15,400,1.498,58.589
5,400,30,90,1.892,58.618
5,200,15,133,1.306,58.621
20,90,5,133,1.832,58.658
60,400,5,200,1.672,58.666
20,200,10,400,1.344,58.676
5,60,10,200,1.496,58.691
15,300,10,200,1.252,58.694
20,90,10,400,1.853,58.738
80,600,5,200,1.826,58.75
5,400,30,200,1.414,58.757
15,300,15,400,1.257,58.775
10,300,10,133,1.251,58.779
5,600,60,400,1.622,58.81
10,600,10,60,1.735,58.853
5,90,5,60,1.384,58.871
10,133,5,90,1.335,58.873
5,300,20,90,1.645,58.877
40,200,5,200,1.601,58.905
30,133,10,600,1.698,58.91
5,600,30,133,1.561,58.973
20,600,10,200,1.281,58.973
10,300,5,45,1.619,58.982
10,400,20,300,1.26,59.006
15,400,20,600,1.272,59.022
5,400,40,300,1.457,59.039
10,600,10,90,1.396,59.067
5,400,60,600,1.581,59.08
10,400,15,200,1.247,59.115
5,200,40,600,1.393,59.131
20,600,15,400,1.297,59.174
30,400,10,400,1.387,59.19
5,133,30,600,1.296,59.287
20,200,5,133,1.339,59.296
5,200,20,200,1.283,59.334
40,400,10,600,1.499,59.342
10,200,20,600,1.225,59.358
5,300,40,400,1.423,59.457
20,300,10,300,1.296,59.466
30,400,5,133,1.357,59.582
10,300,20,400,1.241,59.749
40,133,5,200,1.84,59.751
10,60,15,600,1.934,59.759
10,90,10,300,1.485,59.788
5,45,5,90,1.744,59.798
5,400,20,133,1.396,59.846
160,90,160,200,1.936,59.915
15,200,10,300,1.271,59.947
10,133,15,600,1.275,59.998
5,133,20,300,1.234,60.001
160,600,160,60,1.919,60.007
160,60,160,600,1.678,60.017
20,400,15,600,1.299,60.035
120,60,160,200,1.965,60.054
15,133,10,400,1.385,60.121
5,600,30,200,1.416,60.18
5,200,30,400,1.32,60.182
5,133,15,200,1.216,60.214
10,300,5,60,1.412,60.224
5,600,30,90,1.895,60.278
60,600,5,200,1.626,60.298
15,600,15,300,1.255,60.324
5,400,20,90,1.647,60.386
40,300,5,200,1.498,60.391
30,300,10,600,1.413,60.401
5,600,40,300,1.458,60.477
5,90,15,300,1.281,60.487
15,300,5,90,1.284,60.495
10,600,30,600,1.317,60.518
5,600,60,600,1.583,60.546
5,300,30,300,1.348,60.579
15,133,5,133,1.395,60.581
10,400,10,133,1.249,60.605
160,400,160,60,1.892,60.607
5,300,15,90,1.513,60.617
20,600,5,90,1.29,60.633
30,200,5,200,1.466,60.677
160,60,160,400,1.651,60.7
5,60,5,90,1.507,60.713
15,400,10,200,1.24,60.753
10,60,10,300,1.914,60.754
15,90,10,400,1.672,60.773
15,90,5,133,1.669,60.78
5,200,10,60,1.701,60.809
5,400,40,400,1.424,60.832
15,400,15,400,1.248,60.871
10,600,20,300,1.261,61.017
10,400,5,45,1.621,61.046
10,600,15,200,1.247,61.087
5,300,15,133,1.308,61.16
160,300,160,60,1.862,61.191
30,133,5,200,1.665,61.238
5,90,20,600,1.281,61.243
10,200,15,400,1.206,61.283
5,600,20,133,1.397,61.286
10,200,10,200,1.21,61.288
15,600,20,600,1.269,61.325
160,60,160,300,1.624,61.362
40,600,10,600,1.466,61.379
80,300,5,300,1.955,61.388
20,133,10,600,1.489,61.427
30,600,10,400,1.363,61.443
5,200,10,90,1.368,61.454
120,45,160,600,1.642,61.519
20,400,10,300,1.277,61.559
10,400,20,400,1.241,61.625
60,200,5,300,1.866,61.633
5,45,15,600,1.753,61.646
5,300,40,600,1.395,61.725
10,133,10,300,1.275,61.73
160,60,120,600,1.988,61.769
20,200,10,600,1.339,61.777
30,600,5,133,1.331,61.788
60,300,5,300,1.727,61.794
5,133,10,133,1.216,61.805
5,60,15,600,1.497,61.814
5,300,20,200,1.286,61.819
10,300,15,300,1.211,61.882
5,400,30,300,1.349,61.911
5,600,20,90,1.65,61.947
120,45,160,400,1.621,61.96
5,133,5,45,1.587,61.962
15,300,15,600,1.247,61.966
5,400,15,90,1.515,62.054
40,400,5,200,1.459,62.056
10,400,5,60,1.412,62.074
80,400,5,300,1.886,62.12
160,133,160,90,1.891,62.124
120,45,160,300,1.6,62.201
5,600,40,400,1.425,62.234
20,300,10,400,1.289,62.266
30,400,10,600,1.383,62.32
20,90,10,600,1.848,62.325
120,60,160,133,1.877,62.339
20,600,15,600,1.287,62.376
15,400,5,90,1.271,62.46
5,400,15,133,1.31,62.473
10,600,10,133,1.247,62.495
160,200,160,60,1.798,62.512
5,133,20,400,1.216,62.573
160,90,160,133,1.81,62.596
160,60,120,400,1.952,62.623
10,90,10,400,1.481,62.7
5,300,30,400,1.322,62.701
15,200,10,400,1.264,62.706
10,300,20,600,1.225,62.779
5,200,30,600,1.298,62.799
20,300,5,133,1.277,62.806
160,60,160,200,1.573,62.843
15,600,10,200,1.231,62.928
120,45,160,200,1.563,62.936
60,400,5,300,1.673,62.995
5,45,10,300,1.741,63.037
5,400,40,600,1.396,63.06
15,600,15,400,1.243,63.09
5,400,20,200,1.287,63.095
80,600,5,300,1.827,63.108
10,200,5,90,1.263,63.114
5,133,5,60,1.383,63.174
5,90,15,400,1.278,63.201
30,300,5,200,1.383,63.205
10,90,5,133,1.489,63.252
5,600,30,300,1.35,63.268
15,133,10,600,1.38,63.274
10,600,5,45,1.624,63.279
40,200,5,300,1.6,63.307
5,90,10,200,1.28,63.316
15,200,5,133,1.27,63.366
160,45,160,600,1.442,63.383
5,200,20,300,1.236,63.401
15,300,10,300,1.232,63.52
5,600,15,90,1.517,63.52
5,200,15,200,1.218,63.546
5,60,10,300,1.491,63.551
160,60,120,300,1.915,63.559
10,600,20,400,1.242,63.572
5,300,10,60,1.707,63.585
10,400,15,300,1.21,63.68
80,300,5,400,1.956,63.732
5,600,15,133,1.311,63.815
20,600,10,300,1.263,63.818
10,60,5,133,1.899,63.825
120,45,120,600,1.801,63.864
10,60,10,400,1.913,63.902
160,45,160,400,1.426,63.969
160,45,160,300,1.411,63.979
5,300,10,90,1.371,63.982
15,400,15,600,1.238,63.987
5,400,30,400,1.323,63.995
10,600,5,60,1.412,63.998
40,600,5,200,1.426,64.009
60,200,5,400,1.866,64.025
20,133,5,200,1.48,64.107
60,300,5,400,1.727,64.11
160,45,160,200,1.382,64.114
120,45,160,133,1.523,64.14
15,90,10,600,1.669,64.221
160,600,160,45,1.738,64.252
20,400,10,400,1.271,64.291
80,45,120,90,1.918,64.313
40,133,5,300,1.839,64.329
10,200,15,600,1.196,64.355
160,133,160,60,1.692,64.388
5,600,20,200,1.288,64.394
10,133,10,400,1.271,64.404
5,600,40,600,1.397,64.42
80,400,5,400,1.887,64.437
20,90,5,200,1.825,64.449
30,600,10,600,1.359,64.49
10,300,10,200,1.193,64.514
120,45,120,400,1.771,64.516
15,600,5,90,1.263,64.53
60,600,5,300,1.626,64.536
40,300,5,300,1.497,64.573
10,300,15,400,1.198,64.577
10,400,20,600,1.226,64.589
5,133,15,300,1.179,64.692
20,200,5,200,1.327,64.698
20,400,5,133,1.255,64.775
160,400,160,45,1.726,64.89
30,200,5,300,1.463,64.893
5,200,10,133,1.217,64.996
5,400,10,60,1.711,65.015
30,400,5,200,1.352,65.039
10,133,5,133,1.289,65.165
5,90,5,90,1.304,65.207
120,60,120,133,1.925,65.23
5,300,30,600,1.3,65.236
20,300,10,600,1.284,65.238
60,400,5,400,1.673,65.26
160,60,160,133,1.504,65.261
160,45,160,133,1.345,65.284
5,400,10,90,1.372,65.284
160,90,160,90,1.67,65.308
5,600,30,400,1.324,65.314
120,45,120,300,1.741,65.315
80,600,5,400,1.828,65.391
15,400,10,300,1.22,65.466
160,300,160,45,1.711,65.472
5,133,20,600,1.2,65.478
160,60,120,200,1.841,65.514
5,200,5,45,1.595,65.543
10,600,15,300,1.21,65.544
160,400,120,60,1.995,65.606
40,200,5,400,1.599,65.612
15,200,10,600,1.259,65.633
30,133,5,300,1.662,65.666
60,30,120,600,1.744,65.719
5,300,20,300,1.238,65.754
160,45,120,600,1.732,65.776
10,90,10,600,1.479,65.807
5,300,15,200,1.22,65.851
120,60,160,90,1.8,65.852
5,200,20,400,1.218,65.867
5,45,10,400,1.741,65.909
10,200,10,300,1.19,65.931
15,133,5,200,1.38,66.058
15,600,15,600,1.232,66.127
80,300,5,600,1.957,66.147
40,400,5,300,1.458,66.148
15,300,10,400,1.225,66.167
5,90,15,600,1.276,66.17
10,300,5,90,1.243,66.182
60,30,120,400,1.72,66.199
10,400,10,200,1.189,66.215
5,60,10,400,1.49,66.218
10,400,15,400,1.197,66.318
5,200,5,60,1.387,66.418
10,600,20,600,1.227,66.469
60,30,160,600,1.753,66.477
20,600,10,400,1.256,66.479
5,400,30,600,1.301,66.488
60,200,5,600,1.867,66.491
60,300,5,600,1.728,66.499
5,45,5,133,1.734,66.501
160,45,120,400,1.713,66.51
5,600,10,60,1.714,66.536
160,300,120,60,1.953,66.58
5,600,10,90,1.374,66.614
15,90,5,200,1.66,66.637
160,200,160,45,1.675,66.655
15,300,5,133,1.222,66.724
60,30,120,300,1.697,66.735
40,133,5,400,1.838,66.735
60,600,5,400,1.627,66.754
40,300,5,400,1.496,66.76
80,400,5,600,1.889,66.825
120,45,120,200,1.682,66.886
20,600,5,133,1.238,66.895
60,30,160,400,1.742,66.961
5,60,5,133,1.491,66.963
5,400,20,300,1.239,66.963
5,400,15,200,1.221,67.034
30,200,5,400,1.461,67.103
30,600,5,200,1.326,67.103
160,90,160,60,1.544,67.13
20,400,10,600,1.265,67.194
30,300,5,300,1.38,67.194
5,300,10,133,1.219,67.2
10,133,10,600,1.268,67.242
5,133,15,400,1.165,67.274
5,133,10,200,1.163,67.296
10,60,10,600,1.912,67.325
160,45,120,300,1.694,67.347
15,600,10,300,1.211,67.523
10,300,15,600,1.187,67.534
60,30,160,300,1.733,67.559
60,400,5,600,1.673,67.595
120,45,160,90,1.506,67.636
80,600,5,600,1.829,67.731
5,600,30,600,1.302,67.765
10,400,5,90,1.238,67.798
5,90,10,300,1.274,67.801
5,200,15,300,1.181,67.844
60,30,120,200,1.654,67.882
10,600,10,200,1.186,67.978
30,133,5,400,1.661,67.985
20,300,5,200,1.266,67.986
40,200,5,600,1.598,67.987
40,600,5,300,1.425,68.001
5,300,5,45,1.601,68.032
15,400,10,400,1.213,68.053
80,45,120,60,1.994,68.07
10,600,15,400,1.196,68.124
5,300,20,400,1.22,68.148
60,30,80,200,1.932,68.157
5,600,20,300,1.24,68.194
5,600,15,200,1.222,68.238
20,133,5,300,1.475,68.27
160,133,160,45,1.61,68.276
40,400,5,400,1.457,68.288
5,400,10,133,1.22,68.33
160,200,120,60,1.868,68.357
80,30,120,600,1.531,68.414
15,200,5,200,1.254,68.466
10,200,10,400,1.184,68.476
15,400,5,133,1.206,68.547
20,200,5,300,1.321,68.55
80,30,80,400,1.988,68.625
10,90,5,200,1.48,68.637
5,200,20,600,1.203,68.659
5,300,5,60,1.391,68.673
160,60,120,133,1.733,68.789
60,30,160,200,1.768,68.826
80,30,120,400,1.512,68.827
20,90,5,300,1.821,68.858
120,60,160,60,1.795,68.875
30,400,5,300,1.349,68.937
15,300,10,600,1.219,68.978
10,300,10,300,1.171,68.985
5,133,5,90,1.22,68.986
160,600,120,45,1.735,68.989
40,300,5,600,1.495,69.011
5,45,10,600,1.743,69.016
60,600,5,600,1.627,69.04
5,60,10,600,1.49,69.052
160,45,120,200,1.654,69.06
10,200,5,133,1.199,69.103
60,30,120,133,1.607,69.111
10,400,15,600,1.185,69.215
40,133,5,600,1.838,69.246
30,300,5,400,1.379,69.279
20,600,10,600,1.251,69.308
5,400,5,45,1.604,69.314
160,90,120,90,1.83,69.318
5,400,20,400,1.221,69.32
30,20,160,600,1.86,69.322
80,30,80,300,1.971,69.338
30,200,5,600,1.46,69.384
120,45,120,133,1.597,69.384
80,30,120,300,1.493,69.421
120,60,120,90,1.759,69.468
10,600,5,90,1.235,69.47
5,600,10,133,1.221,69.48
10,60,5,200,1.897,69.574
30,20,160,400,1.897,69.725
160,60,160,90,1.43,69.729
5,400,5,60,1.392,69.834
20,400,5,200,1.244,69.836
160,400,120,45,1.714,69.886
60,30,120,90,1.735,69.888
15,133,5,300,1.374,69.986
5,300,15,300,1.183,70.025
15,600,10,400,1.204,70.049
40,600,5,400,1.424,70.09
10,133,5,200,1.273,70.102
5,133,15,600,1.154,70.104
160,90,160,45,1.51,70.162
30,20,160,300,1.937,70.199
5,90,10,400,1.272,70.259
5,200,10,200,1.153,70.275
5,200,15,400,1.167,70.328
160,45,160,90,1.317,70.336
30,20,120,600,1.745,70.376
30,133,5,600,1.659,70.39
60,30,160,133,1.862,70.396
80,30,160,600,1.492,70.401
20,133,5,400,1.472,70.452
15,600,5,133,1.194,70.472
40,400,5,600,1.457,70.492
5,600,20,400,1.222,70.514
20,200,5,400,1.319,70.561
10,400,10,300,1.166,70.597
60,30,80,133,1.812,70.601
5,600,5,45,1.607,70.62
80,30,120,200,1.457,70.651
30,20,120,400,1.726,70.683
120,30,120,600,1.481,70.694
15,400,10,600,1.207,70.803
15,90,5,300,1.656,70.834
160,300,120,45,1.691,70.849
160,133,120,60,1.743,70.862
5,300,20,600,1.204,70.863
160,30,120,600,1.592,70.9
30,600,5,300,1.324,70.903
10,600,15,600,1.185,70.96
30,400,5,400,1.348,70.975
5,90,5,133,1.28,70.988
120,30,120,400,1.473,71.004
5,600,5,60,1.394,71.018
120,60,160,45,1.892,71.038
160,60,160,60,1.383,71.069
30,20,120,300,1.708,71.088
80,30,80,200,1.928,71.105
5,400,15,300,1.183,71.145
10,200,10,600,1.178,71.18
20,90,5,400,1.82,71.2
160,30,120,400,1.591,71.269
80,30,160,400,1.491,71.287
160,30,120,300,1.59,71.352
40,20,120,600,1.492,71.399
30,300,5,600,1.378,71.425
10,300,10,400,1.163,71.44
40,20,80,600,1.711,71.482
40,30,80,90,1.989,71.546
40,20,160,600,1.704,71.57
5,133,10,300,1.154,71.575
120,30,120,300,1.465,71.616
15,300,5,200,1.206,71.624
30,20,80,600,1.906,71.648
80,45,80,60,1.758,71.65
20,300,5,300,1.261,71.685
5,45,5,200,1.735,71.79
80,30,120,133,1.418,71.8
160,600,160,30,1.643,71.803
5,200,5,90,1.213,71.809
20,600,5,200,1.227,71.831
160,45,120,133,1.594,71.88
5,60,5,200,1.488,71.891
40,20,120,400,1.512,71.913
80,30,160,300,1.501,71.914
10,300,5,133,1.17,71.958
40,20,80,400,1.695,71.982
5,400,20,600,1.205,71.996
30,20,80,400,1.879,72.04
15,133,5,400,1.372,72.045
30,20,120,200,1.74,72.057
15,200,5,300,1.247,72.104
40,20,160,400,1.731,72.2
80,30,120,90,1.501,72.215
120,45,160,45,1.7,72.238
40,600,5,600,1.424,72.242
10,600,10,300,1.163,72.269
5,600,15,300,1.184,72.285
160,30,120,200,1.585,72.325
5,300,10,200,1.154,72.335
40,20,120,300,1.534,72.43
5,300,15,400,1.168,72.443
10,90,5,300,1.476,72.495
160,400,160,30,1.648,72.517
160,200,120,45,1.642,72.595
120,30,120,200,1.45,72.596
20,200,5,600,1.317,72.632
40,20,80,300,1.677,72.654
20,133,5,600,1.47,72.703
30,20,80,300,1.851,72.721
160,60,160,45,1.406,72.733
15,600,10,600,1.198,72.735
5,90,10,600,1.271,72.869
30,600,5,400,1.323,72.891
40,20,160,300,1.76,73.005
10,400,10,400,1.158,73.006
15,90,5,400,1.655,73.032
5,200,15,600,1.155,73.057
30,400,5,600,1.347,73.074
60,20,80,600,1.712,73.094
80,30,160,200,1.527,73.102
160,300,160,30,1.65,73.108
120,45,120,90,1.502,73.126
5,600,20,600,1.206,73.149
160,30,160,600,1.28,73.155
160,30,160,60,1.366,73.305
160,30,120,133,1.578,73.339
15,400,5,200,1.191,73.343
5,400,10,200,1.155,73.391
20,400,5,300,1.24,73.452
10,400,5,133,1.162,73.463
5,400,15,400,1.169,73.529
160,30,160,400,1.279,73.535
30,20,120,133,1.871,73.553
20,300,5,400,1.259,73.618
10,133,5,300,1.267,73.623
20,90,5,600,1.82,73.647
40,20,120,200,1.586,73.65
60,20,80,400,1.713,73.676
60,30,80,90,1.648,73.693
120,45,160,60,1.572,73.716
120,30,120,133,1.433,73.733
10,60,5,300,1.897,73.756
5,300,5,90,1.213,73.758
80,30,80,133,1.846,73.774
10,200,5,200,1.178,73.815
160,60,120,90,1.6,73.86
5,133,10,400,1.151,73.925
160,90,120,60,1.591,73.93
120,90,120,45,1.955,73.948
15,200,5,400,1.245,74.005
10,300,10,600,1.157,74.05
160,30,160,300,1.278,74.077
120,30,160,600,1.276,74.131
15,133,5,600,1.37,74.168
40,20,160,200,1.826,74.257
60,20,80,300,1.713,74.305
30,20,80,200,1.789,74.397
5,200,10,300,1.127,74.402
160,200,160,30,1.65,74.442
5,600,10,200,1.155,74.467
5,133,5,133,1.167,74.511
10,90,5,400,1.475,74.516
40,20,80,200,1.634,74.568
80,20,80,600,1.865,74.572
10,600,10,400,1.154,74.629
120,30,160,400,1.271,74.634
5,600,15,400,1.17,74.635
5,400,5,90,1.213,74.757
60,20,120,600,1.334,74.8
80,30,160,133,1.579,74.847
160,20,160,45,1.559,74.913
30,600,5,600,1.322,74.939
160,30,160,200,1.28,74.964
160,133,120,45,1.567,75.018
10,600,5,133,1.156,75.022
80,30,120,60,1.683,75.066
5,300,15,600,1.156,75.102
15,300,5,300,1.201,75.125
120,30,160,300,1.27,75.152
15,600,5,200,1.178,75.158
160,300,80,45,1.968,75.187
80,20,80,400,1.879,75.196
60,20,120,400,1.349,75.251
15,90,5,600,1.654,75.342
20,400,5,400,1.238,75.343
20,600,5,300,1.223,75.361
40,20,120,133,1.681,75.372
5,60,5,300,1.489,75.417
10,133,5,400,1.265,75.465
160,45,160,60,1.331,75.501
160,30,120,90,1.572,75.534
5,90,5,200,1.273,75.534
120,60,120,60,1.635,75.56
10,400,10,600,1.151,75.568
5,45,5,300,1.737,75.573
20,300,5,600,1.257,75.609
60,30,80,60,1.754,75.66
160,600,120,30,1.519,75.748
5,600,5,90,1.214,75.773
80,20,80,300,1.891,75.915
60,20,120,300,1.364,75.947
160,30,160,90,1.312,75.953
120,30,160,200,1.28,75.954
15,200,5,600,1.243,75.962
10,60,5,400,1.898,75.984
160,20,120,600,1.662,76.004
120,30,120,90,1.441,76.011
60,20,80,200,1.706,76.08
160,45,160,45,1.386,76.103
160,20,120,90,1.759,76.139
5,400,15,600,1.157,76.153
160,20,120,400,1.672,76.189
160,133,160,30,1.634,76.27
120,30,160,60,1.461,76.271
160,30,160,133,1.288,76.29
5,300,10,300,1.128,76.358
5,133,10,600,1.149,76.422
120,600,60,30,1.96,76.445
40,20,160,133,1.947,76.473
10,300,5,200,1.147,76.511
160,45,120,90,1.523,76.552
160,20,120,300,1.683,76.594
10,90,5,600,1.474,76.6
160,400,120,30,1.517,76.609
5,200,10,400,1.118,76.672
60,20,160,600,1.475,76.708
15,400,5,300,1.185,76.771
80,30,160,90,1.68,76.779
80,30,80,90,1.722,76.786
120,30,160,45,1.592,76.882
30,20,80,133,1.69,76.931
15,300,5,400,1.198,76.955
40,20,120,90,1.863,77.007
10,600,10,600,1.148,77.142
5,200,5,133,1.131,77.146
60,20,120,200,1.4,77.176
10,200,5,300,1.171,77.18
20,600,5,400,1.221,77.207
60,20,160,400,1.491,77.209
5,600,15,600,1.158,77.223
120,30,160,133,1.306,77.24
5,60,5,400,1.489,77.263
120,20,120,600,1.481,77.285
20,400,5,600,1.237,77.291
120,400,60,30,1.943,77.314
40,20,80,133,1.555,77.323
5,400,10,300,1.128,77.362
160,20,120,200,1.702,77.362
10,133,5,600,1.263,77.362
80,20,120,600,1.302,77.461
160,300,120,30,1.515,77.485
160,90,120,45,1.476,77.527
5,45,5,400,1.739,77.553
160,20,160,600,1.318,77.587
80,45,80,45,1.844,77.663
80,20,80,200,1.908,77.764
120,20,120,400,1.489,77.774
160,20,120,133,1.727,77.796
80,20,120,400,1.305,77.802
60,20,160,300,1.508,77.842
160,20,160,400,1.325,77.927
10,400,5,200,1.138,77.934
160,600,160,20,1.741,78.037
160,200,80,45,1.9,78.097
120,20,120,300,1.497,78.161
10,60,5,600,1.898,78.325
120,300,60,30,1.924,78.336
80,20,120,300,1.32,78.344
160,90,160,30,1.595,78.37
5,600,10,300,1.129,78.384
160,20,160,300,1.333,78.39
120,30,160,90,1.356,78.49
15,600,5,300,1.173,78.512
120,60,120,45,1.654,78.554
15,400,5,400,1.183,78.564
120,600,80,30,1.943,78.572
5,300,10,400,1.118,78.573
160,60,120,60,1.473,78.664
160,400,160,20,1.761,78.73
60,20,80,133,1.684,78.738
5,90,5,300,1.271,78.78
80,30,160,60,1.9,78.798
15,300,5,600,1.196,78.841
5,133,5,200,1.153,78.866
40,30,60,60,1.907,78.872
10,200,5,400,1.168,78.94
5,300,5,133,1.127,78.966
80,45,60,45,1.86,78.981
60,20,160,200,1.547,79.02
60,20,120,133,1.465,79.029
5,200,10,600,1.11,79.087
20,600,5,600,1.22,79.11
120,20,120,200,1.514,79.129
160,20,160,200,1.349,79.143
5,60,5,600,1.49,79.167
120,60,80,60,1.828,79.172
120,20,160,600,1.242,79.292
160,30,160,45,1.434,79.357
160,200,120,30,1.506,79.361
80,20,120,200,1.351,79.366
120,20,120,90,1.587,79.401
10,600,5,200,1.131,79.408
80,20,160,600,1.334,79.411
160,300,160,20,1.78,79.435
120,400,80,30,1.941,79.52
5,400,10,400,1.119,79.55
30,20,80,90,1.752,79.565
5,45,5,600,1.741,79.596
120,20,160,400,1.252,79.677
160,600,60,30,1.737,79.718
10,300,5,300,1.14,79.767
5,400,5,133,1.126,79.9
160,20,120,60,1.805,79.924
120,20,120,60,1.671,79.94
80,20,160,400,1.346,79.979
60,20,120,60,1.819,80.033
120,20,120,133,1.542,80.074
120,45,120,60,1.479,80.121
120,20,160,300,1.262,80.203
15,600,5,400,1.17,80.267
160,20,160,133,1.375,80.278
80,20,120,60,1.662,80.294
160,600,120,20,1.543,80.31
15,400,5,600,1.181,80.412
60,20,120,90,1.581,80.438
80,20,160,300,1.359,80.442
120,600,30,20,1.844,80.464
5,90,5,400,1.271,80.477
160,60,160,30,1.551,80.491
120,200,60,30,1.878,80.504
120,300,80,30,1.936,80.533
5,600,10,400,1.119,80.544
40,20,80,90,1.628,80.59
80,20,80,133,1.919,80.607
60,20,160,133,1.618,80.634
160,400,60,30,1.727,80.673
120,90,80,45,1.847,80.674
10,200,5,600,1.166,80.753
80,20,120,133,1.405,80.768
160,200,160,20,1.81,80.809
5,600,5,133,1.125,80.85
80,30,80,60,1.72,80.92
5,300,10,600,1.11,80.933
80,30,120,45,1.923,80.987
60,30,60,60,1.88,81.103
120,20,160,200,1.285,81.104
10,400,5,300,1.13,81.133
160,400,120,20,1.558,81.229
5,200,5,200,1.101,81.361
160,20,160,90,1.415,81.428
120,400,30,20,1.832,81.438
10,300,5,400,1.137,81.471
80,20,160,200,1.387,81.514
160,133,120,30,1.487,81.528
160,20,160,60,1.484,81.574
80,20,120,90,1.495,81.699
160,300,60,30,1.719,81.767
160,60,120,45,1.441,81.77
160,600,30,20,1.862,81.866
5,400,10,600,1.111,81.881
160,133,80,45,1.816,81.906
160,600,80,30,1.556,81.954
5,133,5,300,1.148,81.981
60,20,80,90,1.693,82.053
15,600,5,600,1.169,82.075
160,300,120,20,1.571,82.1
120,20,160,133,1.323,82.203
5,90,5,600,1.271,82.226
120,600,40,20,1.69,82.416
120,300,30,20,1.819,82.442
10,600,5,300,1.123,82.55
160,400,30,20,1.885,82.687
120,200,80,30,1.916,82.744
160,45,160,30,1.548,82.804
10,400,5,400,1.127,82.808
30,20,60,90,1.789,82.831
160,133,160,20,1.84,82.841
5,600,10,600,1.111,82.846
40,20,80,60,1.944,82.852
80,20,160,133,1.438,82.938
160,45,120,60,1.474,83.048
120,45,120,45,1.562,83.055
5,300,5,200,1.093,83.086
120,60,120,30,1.9,83.185
160,400,80,30,1.548,83.187
10,300,5,600,1.135,83.227
60,20,160,90,1.746,83.249
80,20,80,90,1.925,83.349
160,90,120,30,1.47,83.383
120,400,40,20,1.688,83.473
160,30,120,60,1.583,83.561
160,200,120,20,1.594,83.568
5,133,5,400,1.147,83.611
120,30,120,60,1.508,83.649
160,300,30,20,1.91,83.718
160,600,40,20,1.688,83.755
160,60,80,60,1.971,83.759
40,20,60,90,1.871,83.785
120,20,160,90,1.383,83.786
160,200,60,30,1.715,83.915
5,400,5,200,1.091,83.972
120,600,80,20,1.866,84.028
120,45,80,60,1.787,84.108
120,133,60,30,1.794,84.155
10,600,5,400,1.12,84.195
120,20,160,45,1.614,84.364
160,300,80,30,1.54,84.365
5,200,5,300,1.092,84.38
120,300,40,20,1.685,84.528
10,400,5,600,1.125,84.535
80,20,120,45,1.863,84.574
120,20,160,60,1.49,84.59
160,400,40,20,1.704,84.657
120,200,30,20,1.797,84.667
60,20,80,60,1.853,84.79
120,400,80,20,1.895,84.79
5,600,5,200,1.09,84.873
80,20,160,90,1.527,84.926
120,60,60,45,1.982,85.081
160,30,160,30,1.6,85.274
5,133,5,600,1.147,85.291
160,90,160,20,1.851,85.302
120,60,80,45,1.67,85.327
160,45,120,45,1.479,85.35
160,200,30,20,1.969,85.413
160,300,40,20,1.722,85.434
120,300,80,20,1.922,85.541
160,90,80,45,1.757,85.597
120,600,60,20,1.707,85.792
10,600,5,600,1.118,85.891
5,200,5,400,1.089,85.96
160,20,120,45,1.854,86.02
5,300,5,300,1.082,86.039
160,133,120,20,1.62,86.046
120,133,80,30,1.853,86.124
120,45,120,30,1.828,86.151
160,60,120,30,1.5,86.578
160,200,80,30,1.531,86.624
80,30,80,45,1.855,86.626
120,400,60,20,1.722,86.703
120,200,40,20,1.677,86.715
160,600,80,20,1.411,86.783
5,400,5,300,1.08,86.892
30,20,60,60,1.995,86.942
80,20,160,60,1.707,87.137
120,20,120,45,1.771,87.213
160,200,40,20,1.763,87.234
80,20,80,60,1.987,87.286
160,400,80,20,1.421,87.502
120,300,60,20,1.735,87.571
5,300,5,400,1.078,87.587
5,200,5,600,1.087,87.59
120,200,80,20,1.965,87.644
160,133,60,30,1.739,87.727
5,600,5,300,1.078,87.759
160,60,160,20,1.844,87.772
160,20,160,30,1.724,88.077
160,600,60,20,1.486,88.103
120,133,30,20,1.847,88.222
160,90,120,20,1.647,88.254
5,400,5,400,1.076,88.422
160,20,120,30,1.968,88.429
160,300,80,20,1.433,88.526
40,20,60,60,1.962,88.568
120,30,120,45,1.604,88.981
120,30,160,30,1.914,88.993
160,400,60,20,1.498,89.036
5,300,5,600,1.075,89.183
5,600,5,400,1.074,89.272
160,45,120,30,1.561,89.461
120,90,60,30,1.717,89.568
120,200,60,20,1.753,89.622
120,133,40,20,1.708,89.64
120,30,80,60,1.981,89.704
160,45,160,20,1.846,89.724
160,133,40,20,1.84,89.871
120,45,80,45,1.726,89.987
160,300,60,20,1.511,89.989
5,400,5,600,1.072,90.001
160,30,120,45,1.615,90.016
160,60,80,45,1.794,90.1
160,133,80,30,1.539,90.285
160,200,80,20,1.459,90.482
80,20,160,45,1.937,90.495
120,133,80,20,1.997,90.671
120,30,120,30,1.852,90.785
5,600,5,600,1.071,90.834
120,90,80,30,1.739,90.866
160,60,120,20,1.697,90.963
160,200,60,20,1.54,92.09
160,30,120,30,1.715,92.277
160,45,120,20,1.762,92.584
160,30,160,20,1.888,92.6
160,45,80,45,1.904,92.85
120,133,60,20,1.763,93.152
160,90,60,30,1.809,93.196
120,20,160,30,1.9,93.607
160,133,80,20,1.504,93.79
160,90,40,20,1.98,93.867
120,90,40,20,1.826,93.926
160,30,120,20,1.916,94.31
160,90,80,30,1.582,94.436
120,90,80,20,1.988,94.846
120,60,60,30,1.822,95.239
120,30,80,45,1.964,95.377
120,60,80,30,1.711,95.627
160,133,60,20,1.593,95.708
160,20,160,20,1.996,96.415
120,90,60,20,1.785,98.265
160,90,80,20,1.578,98.415
160,60,80,30,1.687,98.956
160,60,60,30,1.977,99.014
120,60,80,20,1.997,99.398
120,45,60,30,1.997,99.621
120,45,80,30,1.798,99.746
160,90,60,20,1.686,100.694
160,45,80,30,1.824,100.954
160,60,80,20,1.711,102.967
120,60,60,20,1.913,103.783
160,45,80,20,1.858,104.837
160,60,60,20,1.864,106.265
