trial,candidate,reasoning_effort,decision,score,validation_score,reason
1,2,low,ROLLBACK,673.2635,,
1,3,low,NOT_SELECTED,255.21557142857145,,beat the champion but candidate 1 scored lower
1,4,low,ROLLBACK,809.5643571428571,,
1,1,low,PROMOTED,192.619,283.945,
2,1,low,ROLLBACK,261.6196428571429,,
2,2,low,ROLLBACK,216.8335,,
2,3,low,ROLLBACK,256.39392857142855,,
2,4,low,REJECTED_REGRESSION,170.59535714285715,,dev_feed_sine_0 regressed 331.6 -> 455.9
3,1,low,ROLLBACK,361.9027857142857,,
3,2,low,ROLLBACK,404.79457142857143,,
3,3,low,REJECTED_REGRESSION,178.02278571428573,,dev_feed_sine_0 regressed 331.6 -> 399.1
3,4,low,ROLLBACK,242.9766428571429,,
4,1,low,REJECTED_REGRESSION,169.25357142857138,,dev_feed_step_0 regressed 84.6 -> 109.0
4,2,low,ROLLBACK,244.7712142857143,,
4,3,low,REJECTED_REGRESSION,159.90914285714285,,nominal_target_down_0 regressed 195.8 -> 238.3
4,4,low,ROLLBACK,888.7052857142859,,
